location,reference_date,decrease,increase,stable
01,2023-10-14,0.0,0.0161224489795918,0.9838775510204082
01,2023-10-21,0.0,0.0237755102040816,0.9762244897959184
01,2023-10-28,0.0,0.0009183673469387,0.9990816326530612
01,2023-11-04,0.0,0.0955102040816326,0.9044897959183672
01,2023-11-11,0.0,0.0065306122448979,0.993469387755102
01,2023-11-18,0.0,0.0725510204081632,0.9274489795918368
01,2023-11-25,0.0,0.0694897959183673,0.9305102040816328
01,2023-12-02,0.000204081632653,0.0046938775510204,0.9951020408163266
01,2023-12-09,0.0003061224489795,0.0137755102040816,0.9859183673469388
01,2023-12-16,0.0,0.1108163265306122,0.8891836734693878
01,2023-12-23,0.0,0.456938775510204,0.5430612244897959
01,2023-12-30,0.0,0.9953061224489795,0.0046938775510204
01,2024-01-06,0.0133673469387755,0.5040816326530612,0.4825510204081633
01,2024-01-13,0.0780612244897959,0.38908163265306117,0.5328571428571428
01,2024-01-20,0.9999999999999999,0.0,0.0
01,2024-01-27,0.9998979591836734,0.0,0.0001020408163265
01,2024-02-03,0.9653061224489795,0.0,0.0346938775510204
01,2024-02-10,0.9474489795918368,0.0,0.0525510204081632
01,2024-02-17,0.0411224489795918,0.0497959183673469,0.9090816326530612
01,2024-02-24,0.1526530612244898,0.0093877551020408,0.8379591836734694
01,2024-03-02,0.8413265306122449,0.0,0.1586734693877551
01,2024-03-09,0.1127551020408163,0.000204081632653,0.8870408163265306
01,2024-03-16,0.0429591836734693,0.0006122448979591,0.9564285714285714
01,2024-03-23,0.1016326530612244,0.0005102040816326,0.8978571428571429
01,2024-03-30,0.5753061224489796,0.0,0.4246938775510204
01,2024-04-06,0.0057142857142857,0.0001020408163265,0.9941836734693876
01,2024-04-13,0.0378571428571428,0.0,0.9621428571428572
01,2024-04-20,0.0,0.0,1.0
01,2024-04-27,0.0,0.0,1.0
01,2024-05-04,0.0,0.0,1.0
02,2023-10-14,0.008,0.158,0.834
02,2023-10-21,0.11,0.156,0.734
02,2023-10-28,0.1382653061224489,0.1222448979591836,0.7394897959183674
02,2023-11-04,0.2858163265306122,0.2536734693877551,0.4605102040816327
02,2023-11-11,0.1711224489795917,0.22479591836734691,0.6040816326530613
02,2023-11-18,0.0858163265306121,0.3731632653061224,0.5410204081632654
02,2023-11-25,0.6330612244897957,0.0228571428571428,0.3440816326530612
02,2023-12-02,0.0613265306122449,0.2248979591836734,0.7137755102040816
02,2023-12-09,0.208,0.06,0.732
02,2023-12-16,0.26,0.034,0.706
02,2023-12-23,0.51,0.004,0.486
02,2023-12-30,0.0,0.16,0.84
02,2024-01-06,0.0,0.266,0.734
02,2024-01-13,0.0,0.358,0.642
02,2024-01-20,0.0,0.653061224489796,0.3469387755102041
02,2024-01-27,0.0,0.14612244897959178,0.8538775510204082
02,2024-02-03,0.0,0.152,0.848
02,2024-02-10,0.0,0.27399999999999997,0.726
02,2024-02-17,0.0,0.1081632653061223,0.8918367346938776
02,2024-02-24,0.11,0.041999999999999996,0.848
02,2024-03-02,0.0,0.2405102040816326,0.7594897959183673
02,2024-03-09,0.0,0.1646938775510203,0.8353061224489796
02,2024-03-16,0.068,0.07600000000000001,0.856
02,2024-03-23,0.0,0.08600000000000001,0.914
02,2024-03-30,0.022,0.10800000000000001,0.87
02,2024-04-06,0.13,0.07200000000000001,0.798
02,2024-04-13,0.0,0.16599999999999998,0.834
02,2024-04-20,0.0,0.128,0.872
02,2024-04-27,0.0,0.128,0.872
02,2024-05-04,0.0,0.198,0.802
04,2023-10-14,0.0,0.0016326530612244,0.9983673469387756
04,2023-10-21,0.0,0.0027551020408163,0.9972448979591836
04,2023-10-28,0.0,0.0004081632653061,0.999591836734694
04,2023-11-04,0.0,0.055,0.945
04,2023-11-11,0.0,0.0023469387755102,0.9976530612244898
04,2023-11-18,0.0,0.9827551020408163,0.0172448979591836
04,2023-11-25,0.0,0.8798979591836734,0.1201020408163265
04,2023-12-02,0.0013265306122448,0.0228571428571428,0.9758163265306122
04,2023-12-09,0.0001020408163265,0.29510204081632646,0.7047959183673469
04,2023-12-16,0.0,0.9446938775510203,0.0553061224489795
04,2023-12-23,0.0,0.9942857142857143,0.0057142857142857
04,2023-12-30,0.0,0.9999999999999999,0.0
04,2024-01-06,0.2860204081632652,0.4895918367346938,0.2243877551020408
04,2024-01-13,0.9998979591836735,0.0,0.0001020408163265
04,2024-01-20,0.9982653061224491,0.0,0.001734693877551
04,2024-01-27,0.9965306122448978,0.0,0.003469387755102
04,2024-02-03,0.9175510204081632,0.0129591836734693,0.0694897959183673
04,2024-02-10,0.9999999999999999,0.0,0.0
04,2024-02-17,0.9999999999999999,0.0,0.0
04,2024-02-24,0.3221428571428571,0.1712244897959183,0.5066326530612245
04,2024-03-02,0.2453061224489796,0.216938775510204,0.5377551020408163
04,2024-03-09,0.4354081632653061,0.077142857142857,0.4874489795918367
04,2024-03-16,0.6448979591836734,0.0086734693877551,0.3464285714285714
04,2024-03-23,0.1364285714285714,0.0746938775510203,0.7888775510204081
04,2024-03-30,0.3473469387755102,0.0056122448979591,0.6470408163265307
04,2024-04-06,0.1055102040816326,0.0,0.8944897959183673
04,2024-04-13,0.013469387755102,0.0,0.986530612244898
04,2024-04-20,0.0003061224489795,0.0007142857142857,0.9989795918367348
04,2024-04-27,0.0004081632653061,0.0001020408163265,0.9994897959183674
04,2024-05-04,0.0,0.0076530612244897,0.9923469387755102
05,2023-10-14,0.0,0.0207142857142857,0.9792857142857144
05,2023-10-21,0.0,0.0335714285714285,0.9664285714285714
05,2023-10-28,0.0,0.0035714285714285,0.9964285714285714
05,2023-11-04,0.0,0.143673469387755,0.856326530612245
05,2023-11-11,0.0,0.008469387755102,0.991530612244898
05,2023-11-18,0.0,0.0363265306122448,0.9636734693877552
05,2023-11-25,0.0038775510204081,0.0,0.9961224489795918
05,2023-12-02,0.0,0.0209183673469387,0.9790816326530613
05,2023-12-09,0.0,0.0005102040816326,0.9994897959183674
05,2023-12-16,0.0,0.26020408163265296,0.7397959183673469
05,2023-12-23,0.0006122448979591,0.29020408163265304,0.7091836734693877
05,2023-12-30,0.0,0.7208163265306122,0.2791836734693877
05,2024-01-06,0.0,0.9978571428571428,0.0021428571428571
05,2024-01-13,0.06826530612244891,0.421938775510204,0.509795918367347
05,2024-01-20,0.8822448979591837,0.0053061224489795,0.1124489795918367
05,2024-01-27,0.9583673469387755,0.0006122448979591,0.0410204081632653
05,2024-02-03,0.15387755102040798,0.3209183673469387,0.5252040816326531
05,2024-02-10,0.9848979591836735,0.000204081632653,0.0148979591836734
05,2024-02-17,0.7876530612244897,0.0184693877551019,0.1938775510204081
05,2024-02-24,0.9859183673469388,0.0001020408163265,0.0139795918367346
05,2024-03-02,0.5253061224489795,0.061224489795918206,0.413469387755102
05,2024-03-09,0.8179591836734694,0.0114285714285714,0.1706122448979591
05,2024-03-16,0.9899999999999999,0.0001020408163265,0.0098979591836734
05,2024-03-23,0.9998979591836733,0.0,0.0001020408163265
05,2024-03-30,1.0,0.0,0.0
05,2024-04-06,0.9916326530612244,0.0,0.0083673469387755
05,2024-04-13,0.811530612244898,0.0,0.188469387755102
05,2024-04-20,0.4457142857142857,0.0007142857142857,0.5535714285714286
05,2024-04-27,0.5385714285714286,0.0,0.4614285714285714
05,2024-05-04,0.0,0.6496938775510203,0.3503061224489796
06,2023-10-14,0.0,0.0,1.0
06,2023-10-21,0.0,0.0,1.0
06,2023-10-28,0.0,0.0,1.0
06,2023-11-04,0.0,0.0,1.0
06,2023-11-11,0.0,0.0,1.0
06,2023-11-18,0.0,0.0005102040816326,0.9994897959183674
06,2023-11-25,0.0,0.0262244897959183,0.9737755102040816
06,2023-12-02,0.0,0.0,1.0
06,2023-12-09,0.0,0.0061224489795918,0.9938775510204082
06,2023-12-16,0.0,0.0357142857142857,0.9642857142857144
06,2023-12-23,0.0,0.0231632653061224,0.9768367346938776
06,2023-12-30,0.0,0.9991836734693877,0.0008163265306122
06,2024-01-06,0.0037755102040816,0.111734693877551,0.8844897959183673
06,2024-01-13,0.9998979591836734,0.0,0.0001020408163265
06,2024-01-20,0.9996938775510206,0.0,0.0003061224489795
06,2024-01-27,0.684795918367347,0.0,0.315204081632653
06,2024-02-03,0.9992857142857144,0.0,0.0007142857142857
06,2024-02-10,0.7977551020408163,0.0,0.2022448979591836
06,2024-02-17,0.1485714285714285,0.0,0.8514285714285714
06,2024-02-24,0.0,0.0,1.0
06,2024-03-02,0.0,0.0,1.0
06,2024-03-09,0.0,0.0,1.0
06,2024-03-16,0.0,0.0,1.0
06,2024-03-23,0.0,0.0,1.0
06,2024-03-30,0.0,0.0,1.0
06,2024-04-06,0.0,0.0,1.0
06,2024-04-13,0.0,0.0,1.0
06,2024-04-20,0.0,0.0,1.0
06,2024-04-27,0.0,0.0,1.0
06,2024-05-04,0.0,0.0,1.0
08,2023-10-14,0.0,0.0026530612244897,0.9973469387755102
08,2023-10-21,0.0,0.0036734693877551,0.9963265306122449
08,2023-10-28,0.0,0.0,1.0
08,2023-11-04,0.0,0.0291836734693877,0.9708163265306122
08,2023-11-11,0.0,0.0040816326530612,0.9959183673469388
08,2023-11-18,0.0,0.2597959183673469,0.740204081632653
08,2023-11-25,0.0,0.9654081632653061,0.0345918367346938
08,2023-12-02,0.0,0.5307142857142857,0.4692857142857143
08,2023-12-09,0.0785714285714285,0.0012244897959183,0.9202040816326532
08,2023-12-16,0.0003061224489795,0.1325510204081632,0.8671428571428571
08,2023-12-23,0.0,0.801734693877551,0.1982653061224489
08,2023-12-30,0.0193877551020408,0.15163265306122442,0.8289795918367346
08,2024-01-06,0.0014285714285714,0.6360204081632653,0.3625510204081633
08,2024-01-13,0.9670408163265306,0.000204081632653,0.0327551020408163
08,2024-01-20,0.6072448979591837,0.0249999999999999,0.3677551020408163
08,2024-01-27,1.0,0.0,0.0
08,2024-02-03,0.6946938775510204,0.0003061224489795,0.305
08,2024-02-10,0.9788775510204083,0.0,0.0211224489795918
08,2024-02-17,0.8135714285714285,0.0,0.1864285714285714
08,2024-02-24,0.9739795918367345,0.0,0.0260204081632653
08,2024-03-02,0.6661224489795918,0.0001020408163265,0.3337755102040816
08,2024-03-09,0.9163265306122448,0.0,0.0836734693877551
08,2024-03-16,0.3026530612244898,0.0,0.6973469387755102
08,2024-03-23,0.0004081632653061,0.0190816326530612,0.9805102040816328
08,2024-03-30,0.0222448979591836,0.0008163265306122,0.976938775510204
08,2024-04-06,0.9074489795918368,0.0,0.0925510204081632
08,2024-04-13,0.0761224489795918,0.0,0.923877551020408
08,2024-04-20,0.0,0.001734693877551,0.998265306122449
08,2024-04-27,0.0032653061224489,0.0,0.996734693877551
08,2024-05-04,0.0,0.0,1.0
09,2023-10-14,0.0,0.0329591836734693,0.9670408163265306
09,2023-10-21,0.0,0.0124489795918367,0.9875510204081632
09,2023-10-28,0.0,0.002,0.998
09,2023-11-04,0.0,0.028265306122448902,0.9717346938775512
09,2023-11-11,0.0,0.0024489795918367,0.9975510204081632
09,2023-11-18,0.0,0.0,1.0
09,2023-11-25,0.0,0.1572448979591836,0.8427551020408163
09,2023-12-02,0.0,0.2257142857142857,0.7742857142857142
09,2023-12-09,0.0,0.42081632653061224,0.5791836734693877
09,2023-12-16,0.0,0.43255102040816323,0.5674489795918367
09,2023-12-23,0.0,0.8130612244897959,0.186938775510204
09,2023-12-30,0.0129591836734693,0.2538775510204081,0.7331632653061224
09,2024-01-06,0.0,0.8796938775510205,0.1203061224489795
09,2024-01-13,0.9932653061224489,0.0,0.006734693877551
09,2024-01-20,0.2839795918367347,0.1068367346938775,0.6091836734693877
09,2024-01-27,0.9981632653061225,0.0,0.0018367346938775
09,2024-02-03,0.1198979591836734,0.14357142857142852,0.7365306122448979
09,2024-02-10,0.9981632653061224,0.0,0.0018367346938775
09,2024-02-17,0.0664285714285714,0.1635714285714285,0.77
09,2024-02-24,0.8114285714285714,0.0006122448979591,0.1879591836734694
09,2024-03-02,0.0055102040816326,0.3945918367346938,0.5998979591836735
09,2024-03-09,0.056938775510204,0.2585714285714285,0.6844897959183673
09,2024-03-16,0.9340816326530612,0.0001020408163265,0.0658163265306122
09,2024-03-23,0.9974489795918366,0.0,0.0025510204081632
09,2024-03-30,0.9389795918367349,0.0001020408163265,0.0609183673469387
09,2024-04-06,0.1979591836734693,0.0057142857142857,0.7963265306122449
09,2024-04-13,0.2990816326530612,0.0045918367346938,0.6963265306122449
09,2024-04-20,0.6608163265306123,0.0,0.3391836734693877
09,2024-04-27,0.1376530612244898,0.0007142857142857,0.8616326530612245
09,2024-05-04,0.0310204081632653,0.0094897959183673,0.9594897959183674
10,2023-10-14,0.0,0.14,0.86
10,2023-10-21,0.0,0.092,0.908
10,2023-10-28,0.0,0.286,0.714
10,2023-11-04,0.0,0.4559183673469388,0.5440816326530612
10,2023-11-11,0.0,0.3755102040816326,0.6244897959183674
10,2023-11-18,0.0,0.266,0.734
10,2023-11-25,0.0,0.324,0.676
10,2023-12-02,0.0,0.314,0.686
10,2023-12-09,0.0,0.312,0.688
10,2023-12-16,0.0,0.8140816326530612,0.1859183673469387
10,2023-12-23,0.0005102040816326,0.801734693877551,0.1977551020408163
10,2023-12-30,0.0535714285714285,0.4163265306122449,0.5301020408163265
10,2024-01-06,0.0004081632653061,0.9703061224489795,0.0292857142857142
10,2024-01-13,0.9583673469387755,0.0018367346938775,0.0397959183673469
10,2024-01-20,0.9718367346938775,0.0008163265306122,0.0273469387755102
10,2024-01-27,0.8234693877551019,0.0074489795918367,0.1690816326530612
10,2024-02-03,0.636938775510204,0.024081632653061097,0.3389795918367347
10,2024-02-10,0.5666326530612245,0.038673469387755004,0.3946938775510204
10,2024-02-17,0.3665306122448979,0.0877551020408162,0.5457142857142857
10,2024-02-24,0.1574489795918367,0.2398979591836734,0.6026530612244898
10,2024-03-02,0.9920408163265306,0.0,0.0079591836734693
10,2024-03-09,0.2206122448979592,0.170204081632653,0.6091836734693877
10,2024-03-16,0.3028571428571428,0.1324489795918366,0.5646938775510204
10,2024-03-23,0.6562244897959184,0.0074489795918367,0.3363265306122449
10,2024-03-30,0.4533673469387755,0.016836734693877402,0.529795918367347
10,2024-04-06,0.3043877551020408,0.039489795918367196,0.6561224489795918
10,2024-04-13,0.2114285714285714,0.09418367346938769,0.6943877551020409
10,2024-04-20,0.8827551020408163,0.0,0.1172448979591836
10,2024-04-27,0.0,0.0504081632653061,0.9495918367346938
10,2024-05-04,0.0,0.108,0.892
11,2023-10-14,0.0,0.17200000000000001,0.828
11,2023-10-21,0.0,0.122,0.878
11,2023-10-28,0.0,0.26,0.74
11,2023-11-04,0.0,0.5122448979591836,0.4877551020408163
11,2023-11-11,0.0,0.2362244897959182,0.7637755102040816
11,2023-11-18,0.0,0.236,0.764
11,2023-11-25,0.0,0.41000000000000003,0.59
11,2023-12-02,0.0,0.8960204081632653,0.1039795918367346
11,2023-12-09,0.0074489795918367,0.2872448979591836,0.7053061224489796
11,2023-12-16,0.0423469387755102,0.0830612244897958,0.8745918367346939
11,2023-12-23,0.0581632653061224,0.196938775510204,0.7448979591836735
11,2023-12-30,0.0015306122448979,0.8377551020408163,0.1607142857142857
11,2024-01-06,0.1623469387755101,0.41326530612244894,0.4243877551020408
11,2024-01-13,0.9640816326530611,0.0018367346938774,0.0340816326530612
11,2024-01-20,0.9939795918367346,0.0001020408163265,0.0059183673469387
11,2024-01-27,0.9538775510204082,0.0011224489795918,0.045
11,2024-02-03,0.8797959183673469,0.001938775510204,0.1182653061224489
11,2024-02-10,0.1630612244897959,0.1832653061224489,0.6536734693877551
11,2024-02-17,0.4861224489795917,0.0279591836734693,0.4859183673469388
11,2024-02-24,0.0620408163265306,0.2727551020408163,0.6652040816326531
11,2024-03-02,0.2345918367346938,0.091938775510204,0.673469387755102
11,2024-03-09,0.3977551020408162,0.021938775510204,0.5803061224489796
11,2024-03-16,0.0078571428571428,0.5554081632653061,0.436734693877551
11,2024-03-23,0.9922448979591836,0.0,0.0077551020408163
11,2024-03-30,0.1468367346938775,0.052142857142857,0.8010204081632653
11,2024-04-06,0.641734693877551,0.005408163265306,0.3528571428571428
11,2024-04-13,0.2680612244897959,0.0732653061224489,0.6586734693877551
11,2024-04-20,0.8241836734693878,0.0011224489795918,0.1746938775510204
11,2024-04-27,0.7999999999999999,0.0005102040816326,0.1994897959183673
11,2024-05-04,0.5636734693877551,0.0006122448979591,0.4357142857142857
12,2023-10-14,0.0,0.0101020408163265,0.9898979591836736
12,2023-10-21,0.0,0.0038775510204081,0.9961224489795918
12,2023-10-28,0.0,0.0,1.0
12,2023-11-04,0.0001020408163265,0.0806122448979591,0.9192857142857144
12,2023-11-11,0.0,0.065,0.935
12,2023-11-18,0.0,0.0,1.0
12,2023-11-25,0.0,0.036938775510204,0.963061224489796
12,2023-12-02,0.0,0.000204081632653,0.9997959183673468
12,2023-12-09,0.0001020408163265,0.0007142857142857,0.9991836734693876
12,2023-12-16,0.0462244897959183,0.0,0.9537755102040816
12,2023-12-23,0.0097959183673469,0.0008163265306122,0.9893877551020408
12,2023-12-30,0.0005102040816326,0.0537755102040816,0.9457142857142856
12,2024-01-06,0.0,0.703877551020408,0.2961224489795918
12,2024-01-13,0.6229591836734694,0.0079591836734693,0.3690816326530612
12,2024-01-20,1.0,0.0,0.0
12,2024-01-27,0.9998979591836735,0.0,0.0001020408163265
12,2024-02-03,0.6321428571428571,0.0,0.3678571428571429
12,2024-02-10,0.9816326530612244,0.0,0.0183673469387755
12,2024-02-17,0.0960204081632653,0.015,0.8889795918367347
12,2024-02-24,0.9858163265306122,0.0,0.0141836734693877
12,2024-03-02,0.904591836734694,0.0,0.0954081632653061
12,2024-03-09,0.8111224489795918,0.0,0.1888775510204081
12,2024-03-16,0.3163265306122449,0.0,0.6836734693877551
12,2024-03-23,0.1361224489795918,0.0,0.8638775510204082
12,2024-03-30,0.6428571428571429,0.0,0.3571428571428571
12,2024-04-06,0.2751020408163265,0.0,0.7248979591836735
12,2024-04-13,0.2821428571428571,0.0,0.7178571428571429
12,2024-04-20,0.0,0.0,1.0
12,2024-04-27,0.0356122448979591,0.0,0.9643877551020408
12,2024-05-04,0.0,0.0,1.0
13,2023-10-14,0.0,0.0021428571428571,0.9978571428571428
13,2023-10-21,0.0,0.0006122448979591,0.9993877551020408
13,2023-10-28,0.0,0.0,1.0
13,2023-11-04,0.0,0.0064285714285714,0.9935714285714284
13,2023-11-11,0.0,0.0,1.0
13,2023-11-18,0.0,0.5661224489795919,0.4338775510204081
13,2023-11-25,0.0,0.1760204081632653,0.8239795918367347
13,2023-12-02,0.0,0.0,1.0
13,2023-12-09,0.0,0.0729591836734693,0.9270408163265306
13,2023-12-16,0.0094897959183673,0.0,0.9905102040816328
13,2023-12-23,0.0,0.9958163265306123,0.0041836734693877
13,2023-12-30,0.0,0.9376530612244898,0.0623469387755102
13,2024-01-06,0.0035714285714285,0.4742857142857143,0.5221428571428571
13,2024-01-13,0.9999999999999999,0.0,0.0
13,2024-01-20,0.9992857142857143,0.0,0.0007142857142857
13,2024-01-27,1.0000000000000002,0.0,0.0
13,2024-02-03,0.948469387755102,0.0,0.0515306122448979
13,2024-02-10,0.9943877551020407,0.0,0.0056122448979591
13,2024-02-17,0.9366326530612245,0.0,0.0633673469387755
13,2024-02-24,0.948469387755102,0.0,0.0515306122448979
13,2024-03-02,0.9662244897959184,0.0,0.0337755102040816
13,2024-03-09,0.0071428571428571,0.000204081632653,0.9926530612244898
13,2024-03-16,0.2768367346938775,0.0,0.7231632653061224
13,2024-03-23,0.1462244897959183,0.0,0.8537755102040816
13,2024-03-30,0.0001020408163265,0.0,0.9998979591836736
13,2024-04-06,0.0,0.0,1.0
13,2024-04-13,0.0,0.0,1.0
13,2024-04-20,0.0,0.0,1.0
13,2024-04-27,0.0,0.0,1.0
13,2024-05-04,0.0,0.0,1.0
15,2023-10-14,0.0012244897959183,0.101938775510204,0.8968367346938776
15,2023-10-21,0.0014285714285714,0.116734693877551,0.8818367346938776
15,2023-10-28,0.1946938775510204,0.0097959183673469,0.7955102040816326
15,2023-11-04,0.006734693877551,0.2514285714285713,0.7418367346938776
15,2023-11-11,0.0,0.11051020408163259,0.8894897959183673
15,2023-11-18,0.0311224489795918,0.07602040816326519,0.8928571428571429
15,2023-11-25,0.0005102040816326,0.5414285714285715,0.4580612244897959
15,2023-12-02,0.2591836734693877,0.0414285714285714,0.6993877551020408
15,2023-12-09,0.4165306122448979,0.0053061224489795,0.5781632653061225
15,2023-12-16,0.0394897959183673,0.1996938775510203,0.7608163265306123
15,2023-12-23,0.4196938775510204,0.0197959183673469,0.5605102040816327
15,2023-12-30,0.1189795918367346,0.0778571428571428,0.8031632653061225
15,2024-01-06,0.0229591836734693,0.3130612244897959,0.6639795918367347
15,2024-01-13,0.0801020408163265,0.2846938775510203,0.6352040816326531
15,2024-01-20,0.9788775510204081,0.0001020408163265,0.0210204081632653
15,2024-01-27,0.2964285714285714,0.0274489795918367,0.6761224489795918
15,2024-02-03,0.0663265306122449,0.1654081632653061,0.768265306122449
15,2024-02-10,1.0,0.0,0.0
15,2024-02-17,0.0,0.6177551020408163,0.3822448979591836
15,2024-02-24,0.22,0.002,0.778
15,2024-03-02,0.0,0.004,0.996
15,2024-03-09,0.0,0.198,0.802
15,2024-03-16,0.352,0.008,0.64
15,2024-03-23,0.0,0.178,0.822
15,2024-03-30,0.384,0.004,0.612
15,2024-04-06,0.0,0.13,0.87
15,2024-04-13,0.0,0.03,0.97
15,2024-04-20,0.0,0.07,0.93
15,2024-04-27,0.0,0.002,0.998
15,2024-05-04,0.0,0.154,0.846
16,2023-10-14,0.0,0.05,0.95
16,2023-10-21,0.0,0.042,0.958
16,2023-10-28,0.0,0.044,0.956
16,2023-11-04,0.0,0.2143877551020408,0.7856122448979592
16,2023-11-11,0.0,0.1560204081632653,0.8439795918367347
16,2023-11-18,0.0,0.042,0.958
16,2023-11-25,0.0,0.1543877551020408,0.8456122448979592
16,2023-12-02,0.0,0.005204081632653,0.9947959183673468
16,2023-12-09,0.0,0.1398979591836734,0.8601020408163266
16,2023-12-16,0.0,0.9696938775510204,0.0303061224489795
16,2023-12-23,0.000204081632653,0.9213265306122449,0.078469387755102
16,2023-12-30,0.0001020408163265,0.9784693877551021,0.0214285714285714
16,2024-01-06,0.2499999999999999,0.2463265306122448,0.5036734693877551
16,2024-01-13,0.9711224489795918,0.0017346938775509,0.0271428571428571
16,2024-01-20,0.9999999999999999,0.0,0.0
16,2024-01-27,0.9988775510204081,0.0,0.0011224489795918
16,2024-02-03,0.9710204081632652,0.0003061224489795,0.0286734693877551
16,2024-02-10,0.7706122448979591,0.0062244897959183,0.2231632653061224
16,2024-02-17,0.8280612244897959,0.0018367346938775,0.1701020408163265
16,2024-02-24,0.3220408163265305,0.0739795918367346,0.6039795918367347
16,2024-03-02,0.0012244897959183,0.861938775510204,0.1368367346938775
16,2024-03-09,0.991938775510204,0.0,0.0080612244897959
16,2024-03-16,0.4081632653061224,0.030408163265306,0.5614285714285714
16,2024-03-23,0.7685714285714286,0.0030612244897959,0.2283673469387755
16,2024-03-30,0.8609183673469387,0.0007142857142857,0.1383673469387755
16,2024-04-06,0.9127551020408161,0.000204081632653,0.0870408163265306
16,2024-04-13,0.8739795918367347,0.0,0.1260204081632653
16,2024-04-20,0.532,0.0,0.468
16,2024-04-27,0.0,0.56,0.44
16,2024-05-04,0.0,0.048,0.952
17,2023-10-14,0.0,0.0,1.0
17,2023-10-21,0.0,0.0,1.0
17,2023-10-28,0.0,0.0,1.0
17,2023-11-04,0.0,0.0021428571428571,0.9978571428571428
17,2023-11-11,0.0,0.0,1.0
17,2023-11-18,0.0,0.0006122448979591,0.9993877551020408
17,2023-11-25,0.0,0.0003061224489795,0.9996938775510203
17,2023-12-02,0.0,0.006734693877551,0.993265306122449
17,2023-12-09,0.0,0.2807142857142857,0.7192857142857143
17,2023-12-16,0.0,0.0353061224489795,0.9646938775510204
17,2023-12-23,0.0,0.0279591836734693,0.9720408163265306
17,2023-12-30,0.0,0.975204081632653,0.0247959183673469
17,2024-01-06,0.0,0.6208163265306123,0.3791836734693877
17,2024-01-13,0.9666326530612245,0.0,0.0333673469387755
17,2024-01-20,0.9907142857142857,0.0,0.0092857142857142
17,2024-01-27,0.975204081632653,0.0,0.0247959183673469
17,2024-02-03,0.8243877551020408,0.0,0.1756122448979591
17,2024-02-10,0.3227551020408163,0.0001020408163265,0.6771428571428572
17,2024-02-17,0.1520408163265306,0.0,0.8479591836734693
17,2024-02-24,0.005204081632653,0.013469387755102,0.981326530612245
17,2024-03-02,0.1787755102040816,0.0,0.8212244897959183
17,2024-03-09,0.0063265306122448,0.0015306122448979,0.9921428571428572
17,2024-03-16,0.6731632653061225,0.0,0.3268367346938775
17,2024-03-23,0.2019387755102041,0.0,0.7980612244897959
17,2024-03-30,0.1305102040816326,0.0,0.8694897959183674
17,2024-04-06,0.0597959183673469,0.0,0.940204081632653
17,2024-04-13,0.0176530612244897,0.0,0.9823469387755102
17,2024-04-20,0.0,0.0,1.0
17,2024-04-27,0.3472448979591837,0.0,0.6527551020408163
17,2024-05-04,0.000204081632653,0.0,0.9997959183673468
18,2023-10-14,0.0,0.0016326530612244,0.9983673469387756
18,2023-10-21,0.0,0.0012244897959183,0.9987755102040816
18,2023-10-28,0.0,0.0,1.0
18,2023-11-04,0.0,0.0338775510204081,0.966122448979592
18,2023-11-11,0.0,0.0027551020408163,0.9972448979591836
18,2023-11-18,0.0,0.0068367346938775,0.9931632653061224
18,2023-11-25,0.0,0.1814285714285714,0.8185714285714286
18,2023-12-02,0.0,0.005204081632653,0.9947959183673468
18,2023-12-09,0.0,0.3641836734693877,0.6358163265306123
18,2023-12-16,0.0,0.2796938775510204,0.7203061224489796
18,2023-12-23,0.0,0.7279591836734693,0.2720408163265306
18,2023-12-30,0.0,0.9678571428571429,0.0321428571428571
18,2024-01-06,0.0,0.9757142857142858,0.0242857142857142
18,2024-01-13,0.6306122448979591,0.0345918367346938,0.3347959183673469
18,2024-01-20,0.9493877551020409,0.000204081632653,0.0504081632653061
18,2024-01-27,0.9866326530612245,0.0,0.0133673469387755
18,2024-02-03,0.5977551020408163,0.0103061224489795,0.391938775510204
18,2024-02-10,0.1665306122448979,0.1428571428571428,0.6906122448979591
18,2024-02-17,0.38326530612244886,0.057142857142857,0.5595918367346939
18,2024-02-24,0.9085714285714286,0.0,0.0914285714285714
18,2024-03-02,0.6183673469387755,0.001734693877551,0.3798979591836735
18,2024-03-09,0.9225510204081633,0.0,0.0774489795918367
18,2024-03-16,0.5343877551020408,0.0020408163265306,0.4635714285714286
18,2024-03-23,0.9919387755102043,0.0,0.0080612244897959
18,2024-03-30,0.9998979591836735,0.0,0.0001020408163265
18,2024-04-06,0.3660204081632653,0.0,0.6339795918367347
18,2024-04-13,0.1292857142857142,0.001734693877551,0.8689795918367347
18,2024-04-20,0.6101020408163266,0.0,0.3898979591836735
18,2024-04-27,0.6421428571428571,0.0,0.3578571428571429
18,2024-05-04,0.0,0.0,1.0
19,2023-10-14,0.0,0.004,0.996
19,2023-10-21,0.0,0.01,0.99
19,2023-10-28,0.0,0.008,0.992
19,2023-11-04,0.0,0.1262244897959183,0.8737755102040816
19,2023-11-11,0.0,0.0747959183673469,0.9252040816326532
19,2023-11-18,0.0,0.0863265306122448,0.9136734693877552
19,2023-11-25,0.0,0.0031632653061224,0.9968367346938776
19,2023-12-02,0.0,0.1223469387755102,0.8776530612244898
19,2023-12-09,0.0,0.1791836734693877,0.8208163265306122
19,2023-12-16,0.148,0.0,0.852
19,2023-12-23,0.0,0.03,0.97
19,2023-12-30,0.0,0.346,0.654
19,2024-01-06,0.058,0.06,0.882
19,2024-01-13,0.278,0.02,0.702
19,2024-01-20,0.71,0.0,0.29
19,2024-01-27,0.038,0.094,0.868
19,2024-02-03,0.304,0.01,0.686
19,2024-02-10,0.016,0.198,0.786
19,2024-02-17,0.196,0.046,0.758
19,2024-02-24,0.1166326530612244,0.128673469387755,0.7546938775510204
19,2024-03-02,0.7079591836734692,0.0006122448979591,0.2914285714285714
19,2024-03-09,0.103469387755102,0.2081632653061224,0.6883673469387755
19,2024-03-16,0.7659183673469387,0.0022448979591836,0.2318367346938775
19,2024-03-23,0.9995918367346939,0.0,0.0004081632653061
19,2024-03-30,0.9500000000000001,0.0001020408163265,0.0498979591836734
19,2024-04-06,0.5363265306122449,0.0012244897959183,0.4624489795918367
19,2024-04-13,0.8066326530612244,0.0001020408163265,0.193265306122449
19,2024-04-20,0.941938775510204,0.0,0.0580612244897959
19,2024-04-27,0.5722448979591837,0.0003061224489795,0.4274489795918367
19,2024-05-04,0.9818367346938776,0.0,0.0181632653061224
20,2023-10-14,0.0,0.012,0.988
20,2023-10-21,0.0,0.008,0.992
20,2023-10-28,0.0,0.012,0.988
20,2023-11-04,0.0,0.16326530612244888,0.8367346938775511
20,2023-11-11,0.0,0.0393877551020408,0.9606122448979592
20,2023-11-18,0.0,0.0109183673469387,0.9890816326530611
20,2023-11-25,0.0,0.1176530612244897,0.8823469387755102
20,2023-12-02,0.0,0.0098979591836734,0.9901020408163266
20,2023-12-09,0.0,0.1436734693877551,0.856326530612245
20,2023-12-16,0.1338775510204081,0.0001020408163265,0.8660204081632653
20,2023-12-23,0.0381632653061224,0.0048979591836734,0.956938775510204
20,2023-12-30,0.0,0.6418367346938775,0.3581632653061224
20,2024-01-06,0.040204081632653,0.2689795918367346,0.6908163265306122
20,2024-01-13,0.0966326530612245,0.1551020408163265,0.748265306122449
20,2024-01-20,0.503673469387755,0.0142857142857142,0.4820408163265306
20,2024-01-27,0.9796938775510203,0.0,0.0203061224489795
20,2024-02-03,0.1493877551020408,0.022448979591836702,0.8281632653061225
20,2024-02-10,0.0001020408163265,0.8230612244897959,0.1768367346938775
20,2024-02-17,0.2635714285714284,0.12999999999999992,0.6064285714285714
20,2024-02-24,0.1428571428571428,0.2498979591836734,0.6072448979591837
20,2024-03-02,1.0,0.0,0.0
20,2024-03-09,0.5440816326530612,0.001734693877551,0.4541836734693877
20,2024-03-16,0.2701020408163265,0.0206122448979591,0.7092857142857143
20,2024-03-23,0.0485714285714285,0.20244897959183672,0.7489795918367347
20,2024-03-30,0.9923469387755101,0.0,0.0076530612244897
20,2024-04-06,0.7503061224489795,0.0,0.2496938775510204
20,2024-04-13,0.926530612244898,0.0,0.073469387755102
20,2024-04-20,0.4633673469387755,0.0,0.5366326530612245
20,2024-04-27,0.0,0.2697959183673468,0.730204081632653
20,2024-05-04,0.2133673469387755,0.0006122448979591,0.7860204081632653
21,2023-10-14,0.0,0.0103061224489795,0.9896938775510205
21,2023-10-21,0.0,0.0115306122448979,0.988469387755102
21,2023-10-28,0.0,0.0004081632653061,0.999591836734694
21,2023-11-04,0.0,0.0898979591836734,0.9101020408163264
21,2023-11-11,0.0,0.0027551020408163,0.9972448979591836
21,2023-11-18,0.0,0.0671428571428571,0.9328571428571428
21,2023-11-25,0.0,0.0,1.0
21,2023-12-02,0.0,0.026734693877551,0.973265306122449
21,2023-12-09,0.0,0.3687755102040816,0.6312244897959184
21,2023-12-16,0.0059183673469387,0.0005102040816326,0.9935714285714284
21,2023-12-23,0.0,0.1870408163265306,0.8129591836734694
21,2023-12-30,0.0,0.9089795918367346,0.0910204081632653
21,2024-01-06,0.0,0.9987755102040816,0.0012244897959183
21,2024-01-13,0.44367346938775504,0.0456122448979591,0.5107142857142857
21,2024-01-20,0.9457142857142856,0.0003061224489795,0.0539795918367346
21,2024-01-27,0.998673469387755,0.0,0.0013265306122448
21,2024-02-03,0.0457142857142857,0.2887755102040816,0.6655102040816326
21,2024-02-10,0.9838775510204081,0.0,0.0161224489795918
21,2024-02-17,0.1595918367346938,0.17928571428571421,0.6611224489795918
21,2024-02-24,0.6778571428571428,0.0151020408163265,0.3070408163265306
21,2024-03-02,0.766938775510204,0.001938775510204,0.2311224489795918
21,2024-03-09,0.6489795918367347,0.0089795918367346,0.3420408163265306
21,2024-03-16,1.0,0.0,0.0
21,2024-03-23,0.9995918367346939,0.0,0.0004081632653061
21,2024-03-30,0.9505102040816326,0.0,0.0494897959183673
21,2024-04-06,0.6004081632653061,0.000204081632653,0.3993877551020408
21,2024-04-13,0.6720408163265306,0.0001020408163265,0.3278571428571428
21,2024-04-20,0.8893877551020408,0.0,0.1106122448979591
21,2024-04-27,0.4938775510204081,0.0,0.5061224489795918
21,2024-05-04,0.1776530612244898,0.0,0.8223469387755102
22,2023-10-14,0.0,0.0203061224489795,0.9796938775510204
22,2023-10-21,0.0,0.0171428571428571,0.9828571428571428
22,2023-10-28,0.0,0.0008163265306122,0.9991836734693876
22,2023-11-04,0.0,0.1097959183673468,0.8902040816326531
22,2023-11-11,0.0,0.0114285714285714,0.9885714285714284
22,2023-11-18,0.0,0.1985714285714285,0.8014285714285714
22,2023-11-25,0.0,0.6788775510204081,0.3211224489795918
22,2023-12-02,0.0001020408163265,0.1687755102040816,0.8311224489795919
22,2023-12-09,0.0210204081632653,0.0304081632653061,0.9485714285714286
22,2023-12-16,0.0032653061224489,0.1897959183673469,0.8069387755102041
22,2023-12-23,0.0212244897959183,0.17897959183673462,0.799795918367347
22,2023-12-30,0.0,0.9959183673469387,0.0040816326530612
22,2024-01-06,0.0262244897959183,0.573469387755102,0.4003061224489796
22,2024-01-13,0.9966326530612245,0.0,0.0033673469387755
22,2024-01-20,0.979795918367347,0.0001020408163265,0.0201020408163265
22,2024-01-27,0.9999999999999999,0.0,0.0
22,2024-02-03,0.685204081632653,0.0006122448979591,0.3141836734693877
22,2024-02-10,0.5524489795918367,0.0015306122448979,0.4460204081632653
22,2024-02-17,0.9976530612244898,0.0,0.0023469387755102
22,2024-02-24,0.7281632653061224,0.0,0.2718367346938775
22,2024-03-02,0.2170408163265306,0.0005102040816326,0.7824489795918367
22,2024-03-09,0.438469387755102,0.0,0.561530612244898
22,2024-03-16,0.643061224489796,0.0,0.3569387755102041
22,2024-03-23,0.0133673469387755,0.0,0.9866326530612244
22,2024-03-30,0.0,0.0,1.0
22,2024-04-06,0.0,0.0137755102040816,0.9862244897959184
22,2024-04-13,0.0298979591836734,0.0,0.9701020408163266
22,2024-04-20,0.0,0.0,1.0
22,2024-04-27,0.0,0.0,1.0
22,2024-05-04,0.0,0.0,1.0
23,2023-10-14,0.0,0.072,0.928
23,2023-10-21,0.0,0.042,0.958
23,2023-10-28,0.0,0.08,0.92
23,2023-11-04,0.0,0.3836734693877551,0.6163265306122448
23,2023-11-11,0.0,0.0657142857142856,0.9342857142857144
23,2023-11-18,0.0,0.244,0.756
23,2023-11-25,0.0,0.108,0.892
23,2023-12-02,0.0,0.9333673469387755,0.0666326530612244
23,2023-12-09,0.1914285714285714,0.0082653061224489,0.8003061224489796
23,2023-12-16,0.0,0.4161224489795917,0.5838775510204082
23,2023-12-23,0.0046938775510204,0.2478571428571428,0.7474489795918368
23,2023-12-30,0.0571428571428571,0.0840816326530611,0.8587755102040816
23,2024-01-06,0.0,0.9737755102040817,0.0262244897959183
23,2024-01-13,0.3032653061224489,0.1281632653061224,0.5685714285714286
23,2024-01-20,0.9879591836734694,0.0001020408163265,0.011938775510204
23,2024-01-27,0.8692857142857142,0.0023469387755102,0.1283673469387755
23,2024-02-03,0.8123469387755101,0.0027551020408163,0.1848979591836734
23,2024-02-10,0.0,0.9889795918367347,0.0110204081632653
23,2024-02-17,0.155408163265306,0.3218367346938775,0.5227551020408163
23,2024-02-24,0.3422448979591836,0.1833673469387754,0.4743877551020408
23,2024-03-02,0.9360204081632653,0.001734693877551,0.0622448979591836
23,2024-03-09,0.9041836734693878,0.0013265306122448,0.0944897959183673
23,2024-03-16,0.9695918367346938,0.0003061224489795,0.0301020408163265
23,2024-03-23,0.9779591836734693,0.0,0.0220408163265306
23,2024-03-30,0.5569387755102041,0.0074489795918367,0.4356122448979592
23,2024-04-06,0.2646938775510204,0.038571428571428396,0.696734693877551
23,2024-04-13,0.121938775510204,0.0656122448979591,0.8124489795918367
23,2024-04-20,0.4296938775510204,0.0046938775510204,0.5656122448979591
23,2024-04-27,0.0804081632653061,0.023367346938775402,0.8962244897959184
23,2024-05-04,0.3072448979591837,0.0027551020408163,0.69
24,2023-10-14,0.0,0.0,1.0
24,2023-10-21,0.0,0.0,1.0
24,2023-10-28,0.0,0.0,1.0
24,2023-11-04,0.0,0.026734693877551,0.973265306122449
24,2023-11-11,0.0,0.0,1.0
24,2023-11-18,0.0,0.000204081632653,0.9997959183673468
24,2023-11-25,0.0,0.0011224489795918,0.9988775510204082
24,2023-12-02,0.0,0.0,1.0
24,2023-12-09,0.0,0.4762244897959183,0.5237755102040816
24,2023-12-16,0.0,0.3061224489795918,0.6938775510204082
24,2023-12-23,0.0,0.1992857142857143,0.8007142857142857
24,2023-12-30,0.0,0.9770408163265305,0.0229591836734693
24,2024-01-06,0.0,0.9971428571428572,0.0028571428571428
24,2024-01-13,0.9880612244897958,0.0,0.011938775510204
24,2024-01-20,0.9871428571428571,0.0,0.0128571428571428
24,2024-01-27,0.9987755102040816,0.0,0.0012244897959183
24,2024-02-03,0.8571428571428571,0.0,0.1428571428571428
24,2024-02-10,0.998469387755102,0.0,0.0015306122448979
24,2024-02-17,0.2214285714285714,0.0004081632653061,0.7781632653061225
24,2024-02-24,0.0045918367346938,0.0507142857142857,0.9446938775510204
24,2024-03-02,0.3116326530612245,0.0,0.6883673469387755
24,2024-03-09,0.0,0.33999999999999997,0.66
24,2024-03-16,0.2022448979591836,0.001734693877551,0.7960204081632654
24,2024-03-23,0.998061224489796,0.0,0.001938775510204
24,2024-03-30,0.8207142857142857,0.0,0.1792857142857143
24,2024-04-06,0.0023469387755102,0.0,0.9976530612244898
24,2024-04-13,0.0001020408163265,0.0031632653061224,0.996734693877551
24,2024-04-20,0.2826530612244898,0.0,0.7173469387755103
24,2024-04-27,0.0,0.0,1.0
24,2024-05-04,0.0,0.0,1.0
25,2023-10-14,0.0,0.0011224489795918,0.9988775510204082
25,2023-10-21,0.0,0.0026530612244897,0.9973469387755102
25,2023-10-28,0.0,0.0,1.0
25,2023-11-04,0.0,0.0132653061224489,0.986734693877551
25,2023-11-11,0.0,0.0007142857142857,0.9992857142857144
25,2023-11-18,0.0,0.0,1.0
25,2023-11-25,0.0,0.000204081632653,0.9997959183673468
25,2023-12-02,0.0,0.0981632653061224,0.9018367346938776
25,2023-12-09,0.0,0.2273469387755102,0.7726530612244898
25,2023-12-16,0.0,0.19,0.81
25,2023-12-23,0.0,0.6325510204081631,0.3674489795918367
25,2023-12-30,0.0,0.8660204081632652,0.1339795918367347
25,2024-01-06,0.0,1.0,0.0
25,2024-01-13,0.8918367346938775,0.0022448979591836,0.1059183673469387
25,2024-01-20,0.9945918367346939,0.0,0.0054081632653061
25,2024-01-27,1.0,0.0,0.0
25,2024-02-03,0.7642857142857142,0.0039795918367346,0.231734693877551
25,2024-02-10,0.2501020408163265,0.1098979591836734,0.64
25,2024-02-17,0.9197959183673469,0.0001020408163265,0.0801020408163265
25,2024-02-24,0.0223469387755102,0.5138775510204081,0.4637755102040816
25,2024-03-02,1.0,0.0,0.0
25,2024-03-09,0.6004081632653061,0.0081632653061224,0.3914285714285714
25,2024-03-16,0.9992857142857143,0.0,0.0007142857142857
25,2024-03-23,0.9843877551020407,0.0,0.0156122448979591
25,2024-03-30,0.9814285714285714,0.0,0.0185714285714285
25,2024-04-06,0.6646938775510204,0.0,0.3353061224489796
25,2024-04-13,0.196938775510204,0.0045918367346938,0.798469387755102
25,2024-04-20,0.769795918367347,0.0,0.230204081632653
25,2024-04-27,0.9058163265306124,0.0,0.0941836734693877
25,2024-05-04,0.9320408163265306,0.0,0.0679591836734693
26,2023-10-14,0.0,0.0001020408163265,0.9998979591836736
26,2023-10-21,0.0,0.0004081632653061,0.999591836734694
26,2023-10-28,0.0,0.0,1.0
26,2023-11-04,0.0,0.0078571428571428,0.9921428571428572
26,2023-11-11,0.0,0.0,1.0
26,2023-11-18,0.0,0.0,1.0
26,2023-11-25,0.0,0.0004081632653061,0.999591836734694
26,2023-12-02,0.0,0.0411224489795918,0.9588775510204082
26,2023-12-09,0.0,0.0025510204081632,0.9974489795918368
26,2023-12-16,0.0,0.5002040816326531,0.4997959183673469
26,2023-12-23,0.0,0.5088775510204082,0.4911224489795918
26,2023-12-30,0.0,0.0971428571428571,0.9028571428571428
26,2024-01-06,0.0,1.0,0.0
26,2024-01-13,0.9331632653061224,0.0,0.0668367346938775
26,2024-01-20,0.9922448979591836,0.0,0.0077551020408163
26,2024-01-27,0.9172448979591835,0.0,0.0827551020408163
26,2024-02-03,0.105,0.0261224489795918,0.8688775510204082
26,2024-02-10,0.0153061224489795,0.16081632653061212,0.8238775510204082
26,2024-02-17,0.0,0.8409183673469387,0.1590816326530612
26,2024-02-24,0.0893877551020408,0.2524489795918367,0.6581632653061225
26,2024-03-02,0.0541836734693877,0.2221428571428571,0.7236734693877551
26,2024-03-09,0.680204081632653,0.0020408163265306,0.3177551020408163
26,2024-03-16,0.9996938775510205,0.0,0.0003061224489795
26,2024-03-23,1.0,0.0,0.0
26,2024-03-30,0.9509183673469386,0.0,0.0490816326530612
26,2024-04-06,0.7992857142857143,0.0,0.2007142857142857
26,2024-04-13,0.9858163265306122,0.0,0.0141836734693877
26,2024-04-20,0.9929591836734692,0.0,0.0070408163265306
26,2024-04-27,0.9813265306122448,0.0,0.0186734693877551
26,2024-05-04,0.2965306122448979,0.0008163265306122,0.7026530612244898
27,2023-10-14,0.0,0.0,1.0
27,2023-10-21,0.0,0.0,1.0
27,2023-10-28,0.0,0.0,1.0
27,2023-11-04,0.0,0.0423469387755102,0.9576530612244898
27,2023-11-11,0.0,0.0,1.0
27,2023-11-18,0.0,0.020204081632653,0.9797959183673468
27,2023-11-25,0.0,0.0,1.0
27,2023-12-02,0.0,0.0033673469387755,0.9966326530612244
27,2023-12-09,0.0,0.0121428571428571,0.9878571428571428
27,2023-12-16,0.0,0.0448979591836734,0.9551020408163264
27,2023-12-23,0.0,0.1378571428571428,0.8621428571428571
27,2023-12-30,0.0,0.37877551020408157,0.6212244897959184
27,2024-01-06,0.0,0.8967346938775509,0.1032653061224489
27,2024-01-13,0.5087755102040816,0.0014285714285714,0.4897959183673469
27,2024-01-20,0.3192857142857143,0.0057142857142857,0.675
27,2024-01-27,0.9063265306122448,0.0,0.0936734693877551
27,2024-02-03,0.0026530612244897,0.1010204081632653,0.8963265306122449
27,2024-02-10,0.3943877551020408,0.0007142857142857,0.6048979591836735
27,2024-02-17,0.0748979591836734,0.0262244897959183,0.8988775510204081
27,2024-02-24,0.1705102040816326,0.0163265306122449,0.8131632653061225
27,2024-03-02,0.3624489795918367,0.0008163265306122,0.636734693877551
27,2024-03-09,0.0322448979591836,0.0270408163265306,0.9407142857142856
27,2024-03-16,0.3081632653061224,0.001734693877551,0.6901020408163265
27,2024-03-23,0.3605102040816326,0.0003061224489795,0.6391836734693878
27,2024-03-30,0.7460204081632653,0.0,0.2539795918367347
27,2024-04-06,0.5087755102040816,0.0,0.4912244897959184
27,2024-04-13,0.3436734693877551,0.0,0.6563265306122449
27,2024-04-20,0.4932653061224489,0.0,0.506734693877551
27,2024-04-27,0.2322448979591836,0.0,0.7677551020408163
27,2024-05-04,0.0071428571428571,0.0,0.9928571428571428
28,2023-10-14,0.0,0.0624489795918366,0.9375510204081632
28,2023-10-21,0.0664285714285714,0.0423469387755101,0.8912244897959184
28,2023-10-28,0.0,0.0122448979591836,0.9877551020408164
28,2023-11-04,0.0,0.165204081632653,0.8347959183673469
28,2023-11-11,0.0,0.1845918367346938,0.8154081632653061
28,2023-11-18,0.0,0.2078571428571428,0.7921428571428571
28,2023-11-25,0.0011224489795918,0.093469387755102,0.9054081632653062
28,2023-12-02,0.0957142857142857,0.0015306122448979,0.9027551020408164
28,2023-12-09,0.0,0.631938775510204,0.3680612244897959
28,2023-12-16,0.0512244897959183,0.080204081632653,0.8685714285714285
28,2023-12-23,0.0111224489795918,0.2797959183673469,0.7090816326530612
28,2023-12-30,0.0,0.9994897959183672,0.0005102040816326
28,2024-01-06,0.0001020408163265,0.9933673469387755,0.0065306122448979
28,2024-01-13,0.7887755102040817,0.0346938775510203,0.1765306122448979
28,2024-01-20,0.9962244897959183,0.0,0.0037755102040816
28,2024-01-27,1.0,0.0,0.0
28,2024-02-03,0.8895918367346939,0.0022448979591836,0.1081632653061224
28,2024-02-10,0.9240816326530611,0.0005102040816326,0.0754081632653061
28,2024-02-17,0.9993877551020408,0.0,0.0006122448979591
28,2024-02-24,0.5564285714285714,0.0103061224489795,0.4332653061224489
28,2024-03-02,0.9789795918367348,0.0,0.0210204081632653
28,2024-03-09,0.1118367346938775,0.0262244897959183,0.861938775510204
28,2024-03-16,0.1093877551020408,0.0546938775510203,0.8359183673469388
28,2024-03-23,0.3566326530612245,0.0016326530612244,0.641734693877551
28,2024-03-30,0.6673469387755102,0.0001020408163265,0.3325510204081632
28,2024-04-06,0.0486734693877551,0.0143877551020408,0.936938775510204
28,2024-04-13,0.016938775510204,0.0682653061224489,0.914795918367347
28,2024-04-20,0.8074489795918367,0.0,0.1925510204081632
28,2024-04-27,0.3748979591836734,0.0,0.6251020408163265
28,2024-05-04,0.0089795918367346,0.0023469387755102,0.9886734693877552
29,2023-10-14,0.0,0.0033673469387755,0.9966326530612244
29,2023-10-21,0.0,0.006734693877551,0.993265306122449
29,2023-10-28,0.0,0.0,1.0
29,2023-11-04,0.0,0.0468367346938775,0.9531632653061224
29,2023-11-11,0.0,0.0006122448979591,0.9993877551020408
29,2023-11-18,0.0,0.0054081632653061,0.994591836734694
29,2023-11-25,0.0,0.0,1.0
29,2023-12-02,0.0,0.0288775510204081,0.971122448979592
29,2023-12-09,0.0,0.2914285714285714,0.7085714285714285
29,2023-12-16,0.0,0.9743877551020408,0.0256122448979591
29,2023-12-23,0.0011224489795918,0.1112244897959183,0.8876530612244898
29,2023-12-30,0.0003061224489795,0.3688775510204081,0.6308163265306123
29,2024-01-06,0.0,0.9805102040816326,0.0194897959183673
29,2024-01-13,0.9510204081632653,0.000204081632653,0.0487755102040816
29,2024-01-20,0.8376530612244898,0.0015306122448979,0.1608163265306122
29,2024-01-27,0.9995918367346939,0.0,0.0004081632653061
29,2024-02-03,0.4170408163265306,0.0147959183673469,0.5681632653061225
29,2024-02-10,0.2914285714285714,0.0407142857142856,0.6678571428571428
29,2024-02-17,0.6309183673469387,0.0059183673469387,0.3631632653061225
29,2024-02-24,0.6655102040816326,0.0079591836734693,0.3265306122448979
29,2024-03-02,0.0344897959183673,0.2729591836734693,0.6925510204081633
29,2024-03-09,0.7781632653061223,0.001938775510204,0.2198979591836734
29,2024-03-16,0.9908163265306122,0.0,0.0091836734693877
29,2024-03-23,0.9998979591836734,0.0,0.0001020408163265
29,2024-03-30,1.0,0.0,0.0
29,2024-04-06,0.7268367346938776,0.0,0.2731632653061224
29,2024-04-13,0.928877551020408,0.0,0.0711224489795918
29,2024-04-20,0.7778571428571428,0.0,0.2221428571428571
29,2024-04-27,0.6293877551020408,0.0,0.3706122448979592
29,2024-05-04,0.0730612244897959,0.0,0.926938775510204
30,2023-10-14,0.0,0.124,0.876
30,2023-10-21,0.0,0.194,0.806
30,2023-10-28,0.0,0.252,0.748
30,2023-11-04,0.0,0.2508163265306122,0.7491836734693877
30,2023-11-11,0.0,0.3435714285714285,0.6564285714285715
30,2023-11-18,0.0,0.47200000000000003,0.528
30,2023-11-25,0.0,0.156,0.844
30,2023-12-02,0.0,0.372,0.628
30,2023-12-09,0.0,0.8875510204081634,0.1124489795918367
30,2023-12-16,0.0880612244897959,0.24928571428571422,0.6626530612244897
30,2023-12-23,0.0170408163265306,0.6230612244897958,0.3598979591836734
30,2023-12-30,0.0232653061224489,0.717142857142857,0.2595918367346939
30,2024-01-06,0.0008163265306122,0.9837755102040815,0.0154081632653061
30,2024-01-13,0.9597959183673468,0.0051020408163264,0.0351020408163265
30,2024-01-20,0.8306122448979592,0.0398979591836734,0.1294897959183673
30,2024-01-27,1.0,0.0,0.0
30,2024-02-03,0.7851020408163265,0.0348979591836734,0.18
30,2024-02-10,1.0,0.0,0.0
30,2024-02-17,0.9983673469387754,0.0,0.0016326530612244
30,2024-02-24,1.0,0.0,0.0
30,2024-03-02,0.5495918367346939,0.0146938775510204,0.4357142857142857
30,2024-03-09,0.1460204081632653,0.21275510204081619,0.6412244897959184
30,2024-03-16,0.2492857142857142,0.1431632653061224,0.6075510204081632
30,2024-03-23,0.2775510204081632,0.1295918367346938,0.5928571428571429
30,2024-03-30,0.9901020408163265,0.0,0.0098979591836734
30,2024-04-06,0.3873469387755102,0.0477551020408162,0.5648979591836735
30,2024-04-13,0.934,0.0,0.066
30,2024-04-20,0.0,0.036,0.964
30,2024-04-27,0.008,0.098,0.894
30,2024-05-04,0.0,0.138,0.862
31,2023-10-14,0.0,0.05,0.95
31,2023-10-21,0.0,0.046,0.954
31,2023-10-28,0.0,0.0179591836734693,0.9820408163265306
31,2023-11-04,0.0,0.1556122448979591,0.8443877551020408
31,2023-11-11,0.0,0.0760204081632653,0.9239795918367348
31,2023-11-18,0.0,0.038,0.962
31,2023-11-25,0.0,0.034,0.966
31,2023-12-02,0.0,0.104,0.896
31,2023-12-09,0.0,0.036,0.964
31,2023-12-16,0.0,0.0151020408163265,0.9848979591836736
31,2023-12-23,0.0,0.07357142857142851,0.9264285714285714
31,2023-12-30,0.0,0.9441836734693876,0.0558163265306122
31,2024-01-06,0.0576530612244897,0.2452040816326529,0.6971428571428572
31,2024-01-13,0.6012244897959184,0.0040816326530612,0.3946938775510204
31,2024-01-20,0.5325510204081633,0.0135714285714285,0.4538775510204081
31,2024-01-27,0.9927551020408164,0.0,0.0072448979591836
31,2024-02-03,0.0568367346938775,0.12642857142857142,0.816734693877551
31,2024-02-10,0.0721428571428571,0.1423469387755101,0.7855102040816326
31,2024-02-17,0.0412244897959183,0.24724489795918358,0.711530612244898
31,2024-02-24,0.4572448979591836,0.0180612244897959,0.5246938775510204
31,2024-03-02,0.1504081632653061,0.0953061224489795,0.7542857142857143
31,2024-03-09,0.2828571428571428,0.1098979591836734,0.6072448979591837
31,2024-03-16,0.7164285714285714,0.0074489795918367,0.2761224489795918
31,2024-03-23,0.9246938775510204,0.0006122448979591,0.0746938775510204
31,2024-03-30,0.6957142857142857,0.0024489795918367,0.3018367346938775
31,2024-04-06,0.645,0.0040816326530612,0.3509183673469387
31,2024-04-13,0.3374489795918367,0.0191836734693877,0.6433673469387755
31,2024-04-20,0.5124489795918368,0.0047959183673469,0.4827551020408163
31,2024-04-27,0.9513265306122448,0.0,0.0486734693877551
31,2024-05-04,0.6639795918367347,0.0,0.3360204081632653
32,2023-10-14,0.0,0.008,0.992
32,2023-10-21,0.0,0.012,0.988
32,2023-10-28,0.0,0.0,1.0
32,2023-11-04,0.0,0.1613265306122448,0.8386734693877551
32,2023-11-11,0.0,0.0057142857142857,0.9942857142857144
32,2023-11-18,0.0,0.1924489795918367,0.8075510204081633
32,2023-11-25,0.0,0.086734693877551,0.9132653061224488
32,2023-12-02,0.0,0.1348979591836734,0.8651020408163266
32,2023-12-09,0.000204081632653,0.1709183673469387,0.8288775510204082
32,2023-12-16,0.0,0.6621428571428571,0.3378571428571428
32,2023-12-23,0.0,0.8373469387755101,0.1626530612244898
32,2023-12-30,0.000204081632653,0.9253061224489796,0.0744897959183673
32,2024-01-06,0.11622448979591829,0.2166326530612244,0.6671428571428571
32,2024-01-13,0.5404081632653062,0.037959183673469295,0.4216326530612245
32,2024-01-20,0.3082653061224489,0.1159183673469387,0.5758163265306122
32,2024-01-27,0.9999999999999999,0.0,0.0
32,2024-02-03,0.9869387755102039,0.0,0.0130612244897959
32,2024-02-10,0.7010204081632653,0.0001020408163265,0.2988775510204081
32,2024-02-17,0.8568367346938776,0.0,0.1431632653061224
32,2024-02-24,0.0001020408163265,0.40020408163265303,0.5996938775510204
32,2024-03-02,0.5112244897959184,0.0,0.4887755102040816
32,2024-03-09,0.105,0.0004081632653061,0.8945918367346939
32,2024-03-16,0.0770408163265306,0.0014285714285714,0.921530612244898
32,2024-03-23,0.0109183673469387,0.0029591836734693,0.9861224489795918
32,2024-03-30,0.0054081632653061,0.0077551020408163,0.9868367346938776
32,2024-04-06,0.1131632653061224,0.0,0.8868367346938776
32,2024-04-13,0.0,0.0132653061224489,0.986734693877551
32,2024-04-20,0.0224489795918367,0.0001020408163265,0.9774489795918369
32,2024-04-27,0.0,0.0041836734693877,0.9958163265306124
32,2024-05-04,0.0,0.0003061224489795,0.9996938775510203
33,2023-10-14,0.0,0.094,0.906
33,2023-10-21,0.0,0.074,0.926
33,2023-10-28,0.0,0.088,0.912
33,2023-11-04,0.0,0.1935714285714285,0.8064285714285714
33,2023-11-11,0.0,0.3342857142857142,0.6657142857142857
33,2023-11-18,0.0,0.094,0.906
33,2023-11-25,0.0,0.11,0.89
33,2023-12-02,0.0,0.088,0.912
33,2023-12-09,0.0,0.27,0.73
33,2023-12-16,0.0,0.690408163265306,0.3095918367346938
33,2023-12-23,0.0,0.755408163265306,0.2445918367346938
33,2023-12-30,0.0109183673469387,0.5209183673469386,0.4681632653061224
33,2024-01-06,0.0056122448979591,0.7691836734693877,0.225204081632653
33,2024-01-13,0.958469387755102,0.0008163265306122,0.0407142857142857
33,2024-01-20,0.1261224489795918,0.2865306122448979,0.5873469387755103
33,2024-01-27,0.9895918367346939,0.0,0.0104081632653061
33,2024-02-03,0.8403061224489796,0.0006122448979591,0.1590816326530612
33,2024-02-10,0.0053061224489795,0.6103061224489796,0.3843877551020408
33,2024-02-17,0.2581632653061224,0.1162244897959183,0.6256122448979592
33,2024-02-24,0.4503061224489795,0.049387755102040805,0.5003061224489795
33,2024-03-02,0.6668367346938776,0.0054081632653061,0.3277551020408163
33,2024-03-09,0.251530612244898,0.0622448979591836,0.6862244897959183
33,2024-03-16,0.5912244897959184,0.0103061224489795,0.398469387755102
33,2024-03-23,0.1266326530612244,0.1507142857142857,0.7226530612244898
33,2024-03-30,0.8761224489795918,0.0004081632653061,0.123469387755102
33,2024-04-06,0.8518367346938776,0.0001020408163265,0.1480612244897959
33,2024-04-13,0.0505102040816326,0.0293877551020408,0.9201020408163264
33,2024-04-20,0.2610204081632653,0.0075510204081632,0.7314285714285714
33,2024-04-27,0.0263265306122448,0.006938775510204,0.9667346938775512
33,2024-05-04,0.0,0.034,0.966
34,2023-10-14,0.0,0.0013265306122448,0.9986734693877553
34,2023-10-21,0.0,0.0,1.0
34,2023-10-28,0.0,0.0,1.0
34,2023-11-04,0.0,0.0065306122448979,0.993469387755102
34,2023-11-11,0.0,0.0,1.0
34,2023-11-18,0.0,0.0001020408163265,0.9998979591836736
34,2023-11-25,0.0,0.0,1.0
34,2023-12-02,0.0,0.0825510204081632,0.9174489795918368
34,2023-12-09,0.0,0.7428571428571428,0.2571428571428571
34,2023-12-16,0.0,0.1548979591836734,0.8451020408163266
34,2023-12-23,0.0,0.9720408163265305,0.0279591836734693
34,2023-12-30,0.0,0.9982653061224489,0.001734693877551
34,2024-01-06,0.0,0.9993877551020407,0.0006122448979591
34,2024-01-13,0.9971428571428571,0.0,0.0028571428571428
34,2024-01-20,0.995,0.0,0.005
34,2024-01-27,0.9999999999999999,0.0,0.0
34,2024-02-03,0.9981632653061224,0.0,0.0018367346938775
34,2024-02-10,0.7762244897959183,0.0001020408163265,0.2236734693877551
34,2024-02-17,0.6361224489795918,0.0005102040816326,0.3633673469387755
34,2024-02-24,0.0788775510204081,0.1103061224489795,0.8108163265306122
34,2024-03-02,0.9983673469387756,0.0,0.0016326530612244
34,2024-03-09,0.0661224489795918,0.0132653061224489,0.9206122448979592
34,2024-03-16,0.9023469387755102,0.0,0.0976530612244898
34,2024-03-23,0.9778571428571428,0.0,0.0221428571428571
34,2024-03-30,0.7993877551020409,0.0,0.2006122448979591
34,2024-04-06,0.1216326530612244,0.0,0.8783673469387755
34,2024-04-13,0.1590816326530612,0.0,0.8409183673469388
34,2024-04-20,0.3191836734693877,0.0,0.6808163265306122
34,2024-04-27,0.1261224489795918,0.0,0.8738775510204082
34,2024-05-04,0.0004081632653061,0.0,0.999591836734694
35,2023-10-14,0.0,0.0874489795918366,0.9125510204081632
35,2023-10-21,0.0,0.0593877551020407,0.9406122448979592
35,2023-10-28,0.0,0.03,0.97
35,2023-11-04,0.0,0.1588775510204081,0.8411224489795919
35,2023-11-11,0.0,0.2823469387755101,0.7176530612244898
35,2023-11-18,0.0,0.1329591836734694,0.8670408163265306
35,2023-11-25,0.0,0.0826530612244898,0.9173469387755102
35,2023-12-02,0.0,0.2690816326530611,0.7309183673469388
35,2023-12-09,0.0,0.9194897959183673,0.0805102040816326
35,2023-12-16,0.0,0.9948979591836734,0.0051020408163265
35,2023-12-23,0.0,0.9973469387755102,0.0026530612244897
35,2023-12-30,0.0,0.9983673469387755,0.0016326530612244
35,2024-01-06,0.2287755102040816,0.37693877551020405,0.3942857142857143
35,2024-01-13,0.7763265306122449,0.0559183673469387,0.1677551020408163
35,2024-01-20,1.0,0.0,0.0
35,2024-01-27,0.998673469387755,0.0,0.0013265306122448
35,2024-02-03,0.5981632653061225,0.0425510204081632,0.3592857142857142
35,2024-02-10,0.9944897959183674,0.0001020408163265,0.0054081632653061
35,2024-02-17,0.5258163265306122,0.0370408163265305,0.4371428571428571
35,2024-02-24,0.4527551020408163,0.0509183673469387,0.4963265306122449
35,2024-03-02,0.8389795918367348,0.0005102040816326,0.1605102040816326
35,2024-03-09,0.5028571428571428,0.0113265306122448,0.4858163265306122
35,2024-03-16,0.0068367346938775,0.5575510204081633,0.4356122448979592
35,2024-03-23,0.9933673469387755,0.0,0.0066326530612244
35,2024-03-30,0.0591836734693877,0.1023469387755101,0.838469387755102
35,2024-04-06,0.7503061224489795,0.0006122448979591,0.2490816326530612
35,2024-04-13,0.0530612244897959,0.0687755102040815,0.8781632653061224
35,2024-04-20,0.8204081632653061,0.0,0.1795918367346938
35,2024-04-27,0.0,0.0028571428571428,0.9971428571428572
35,2024-05-04,0.0,0.1103061224489796,0.8896938775510204
36,2023-10-14,0.0,0.0,1.0
36,2023-10-21,0.0,0.0,1.0
36,2023-10-28,0.0,0.0,1.0
36,2023-11-04,0.0,0.0003061224489795,0.9996938775510203
36,2023-11-11,0.0,0.0,1.0
36,2023-11-18,0.0,0.0,1.0
36,2023-11-25,0.0,0.0001020408163265,0.9998979591836736
36,2023-12-02,0.0,0.000204081632653,0.9997959183673468
36,2023-12-09,0.0,0.9859183673469388,0.0140816326530612
36,2023-12-16,0.0,0.9955102040816327,0.0044897959183673
36,2023-12-23,0.0,0.8703061224489795,0.1296938775510204
36,2023-12-30,0.0,0.5018367346938776,0.4981632653061224
36,2024-01-06,0.0,0.8544897959183673,0.1455102040816326
36,2024-01-13,0.9988775510204082,0.0,0.0011224489795918
36,2024-01-20,1.0,0.0,0.0
36,2024-01-27,0.9997959183673469,0.0,0.000204081632653
36,2024-02-03,0.1769387755102041,0.0240816326530612,0.7989795918367347
36,2024-02-10,0.9748979591836735,0.0,0.0251020408163265
36,2024-02-17,0.5827551020408164,0.0001020408163265,0.4171428571428571
36,2024-02-24,0.0563265306122449,0.0643877551020408,0.8792857142857143
36,2024-03-02,0.365,0.0,0.635
36,2024-03-09,0.7864285714285715,0.0,0.2135714285714285
36,2024-03-16,0.999591836734694,0.0,0.0004081632653061
36,2024-03-23,0.996530612244898,0.0,0.003469387755102
36,2024-03-30,0.3330612244897959,0.0,0.6669387755102041
36,2024-04-06,0.0012244897959183,0.0001020408163265,0.9986734693877553
36,2024-04-13,0.0,0.0018367346938775,0.9981632653061224
36,2024-04-20,0.2092857142857143,0.0,0.7907142857142857
36,2024-04-27,0.8816326530612245,0.0,0.1183673469387755
36,2024-05-04,0.0098979591836734,0.0,0.9901020408163266
37,2023-10-14,0.0,0.0,1.0
37,2023-10-21,0.0,0.0008163265306122,0.9991836734693876
37,2023-10-28,0.0,0.0,1.0
37,2023-11-04,0.0,0.0033673469387755,0.9966326530612244
37,2023-11-11,0.0,0.0,1.0
37,2023-11-18,0.0,0.0,1.0
37,2023-11-25,0.0,0.0251020408163265,0.9748979591836736
37,2023-12-02,0.0,0.358265306122449,0.641734693877551
37,2023-12-09,0.0,0.4666326530612245,0.5333673469387755
37,2023-12-16,0.0,0.6990816326530611,0.3009183673469388
37,2023-12-23,0.0,0.6216326530612245,0.3783673469387755
37,2023-12-30,0.0,1.0,0.0
37,2024-01-06,0.0,0.998061224489796,0.001938775510204
37,2024-01-13,1.0,0.0,0.0
37,2024-01-20,0.9999999999999998,0.0,0.0
37,2024-01-27,1.0,0.0,0.0
37,2024-02-03,0.3057142857142857,0.0033673469387755,0.6909183673469388
37,2024-02-10,0.934591836734694,0.0,0.0654081632653061
37,2024-02-17,0.9807142857142858,0.0,0.0192857142857142
37,2024-02-24,0.0642857142857142,0.0023469387755102,0.9333673469387757
37,2024-03-02,0.0827551020408163,0.0,0.9172448979591836
37,2024-03-09,0.0205102040816326,0.0,0.9794897959183674
37,2024-03-16,0.1576530612244898,0.0,0.8423469387755103
37,2024-03-23,0.1935714285714285,0.0,0.8064285714285714
37,2024-03-30,0.0,0.0,1.0
37,2024-04-06,0.0,0.0,1.0
37,2024-04-13,0.0,0.0,1.0
37,2024-04-20,0.0,0.0,1.0
37,2024-04-27,0.0,0.0,1.0
37,2024-05-04,0.0,0.0,1.0
38,2023-10-14,0.0,0.136,0.864
38,2023-10-21,0.0,0.172,0.828
38,2023-10-28,0.0,0.262,0.738
38,2023-11-04,0.0,0.37785714285714267,0.6221428571428571
38,2023-11-11,0.0,0.2185714285714285,0.7814285714285715
38,2023-11-18,0.0,0.378,0.622
38,2023-11-25,0.0,0.46,0.54
38,2023-12-02,0.0,0.152,0.848
38,2023-12-09,0.0,0.5151020408163264,0.4848979591836734
38,2023-12-16,0.1027551020408163,0.1284693877551019,0.7687755102040816
38,2023-12-23,0.2035714285714285,0.0218367346938775,0.7745918367346939
38,2023-12-30,0.0072448979591836,0.4885714285714285,0.5041836734693877
38,2024-01-06,0.0548979591836734,0.5184693877551019,0.4266326530612245
38,2024-01-13,0.0137755102040815,0.8143877551020409,0.1718367346938775
38,2024-01-20,0.9877551020408162,0.000204081632653,0.0120408163265306
38,2024-01-27,0.8025510204081632,0.0103061224489795,0.1871428571428571
38,2024-02-03,0.48877551020408155,0.0934693877551019,0.4177551020408163
38,2024-02-10,0.6776530612244898,0.036020408163265204,0.2863265306122449
38,2024-02-17,0.9569387755102041,0.0007142857142857,0.0423469387755102
38,2024-02-24,0.4227551020408163,0.09295918367346931,0.4842857142857142
38,2024-03-02,0.3928571428571428,0.0851020408163264,0.5220408163265307
38,2024-03-09,0.5183673469387755,0.030408163265306,0.4512244897959184
38,2024-03-16,0.5064285714285713,0.0248979591836734,0.4686734693877551
38,2024-03-23,0.2918367346938775,0.0803061224489795,0.6278571428571429
38,2024-03-30,0.8924489795918367,0.001734693877551,0.1058163265306122
38,2024-04-06,0.0212244897959183,0.5285714285714285,0.4502040816326531
38,2024-04-13,0.9659183673469387,0.0,0.0340816326530612
38,2024-04-20,0.5393877551020408,0.0078571428571427,0.4527551020408163
38,2024-04-27,0.3042857142857142,0.0220408163265305,0.6736734693877551
38,2024-05-04,0.8451020408163266,0.0003061224489795,0.1545918367346938
39,2023-10-14,0.0,0.0,1.0
39,2023-10-21,0.0,0.0,1.0
39,2023-10-28,0.0,0.0,1.0
39,2023-11-04,0.0,0.0012244897959183,0.9987755102040816
39,2023-11-11,0.0,0.0,1.0
39,2023-11-18,0.0,0.0,1.0
39,2023-11-25,0.0,0.0063265306122448,0.9936734693877552
39,2023-12-02,0.0,0.0025510204081632,0.9974489795918368
39,2023-12-09,0.0,0.1691836734693877,0.8308163265306122
39,2023-12-16,0.0,0.0001020408163265,0.9998979591836736
39,2023-12-23,0.0,0.3279591836734694,0.6720408163265306
39,2023-12-30,0.0,0.9506122448979591,0.0493877551020408
39,2024-01-06,0.0,0.988673469387755,0.0113265306122448
39,2024-01-13,0.9830612244897959,0.0,0.016938775510204
39,2024-01-20,0.8981632653061223,0.0003061224489795,0.1015306122448979
39,2024-01-27,1.0,0.0,0.0
39,2024-02-03,0.7795918367346939,0.0001020408163265,0.2203061224489796
39,2024-02-10,0.9733673469387756,0.0,0.0266326530612244
39,2024-02-17,0.8190816326530611,0.0001020408163265,0.1808163265306122
39,2024-02-24,0.5867346938775511,0.0028571428571428,0.4104081632653061
39,2024-03-02,0.4711224489795918,0.0009183673469387,0.5279591836734694
39,2024-03-09,0.9108163265306122,0.0,0.0891836734693877
39,2024-03-16,0.9918367346938776,0.0,0.0081632653061224
39,2024-03-23,1.0,0.0,0.0
39,2024-03-30,0.9993877551020408,0.0,0.0006122448979591
39,2024-04-06,0.4055102040816326,0.0,0.5944897959183674
39,2024-04-13,0.0075510204081632,0.0030612244897959,0.9893877551020408
39,2024-04-20,0.9359183673469388,0.0,0.0640816326530612
39,2024-04-27,0.8551020408163266,0.0,0.1448979591836734
39,2024-05-04,0.0,0.0,1.0
40,2023-10-14,0.0,0.0376530612244897,0.9623469387755104
40,2023-10-21,0.0,0.0480612244897959,0.951938775510204
40,2023-10-28,0.0003061224489795,0.0004081632653061,0.9992857142857144
40,2023-11-04,0.0,0.1901020408163265,0.8098979591836735
40,2023-11-11,0.0,0.0010204081632653,0.9989795918367348
40,2023-11-18,0.0,0.5278571428571428,0.4721428571428571
40,2023-11-25,0.0,0.0292857142857142,0.9707142857142858
40,2023-12-02,0.0,0.0279591836734693,0.9720408163265306
40,2023-12-09,0.0,0.3040816326530612,0.6959183673469388
40,2023-12-16,0.0303061224489795,0.0073469387755102,0.9623469387755104
40,2023-12-23,0.0,0.29183673469387755,0.7081632653061225
40,2023-12-30,0.0,0.9827551020408163,0.0172448979591836
40,2024-01-06,0.2,0.0628571428571427,0.7371428571428571
40,2024-01-13,0.1333673469387755,0.1148979591836734,0.751734693877551
40,2024-01-20,0.0026530612244897,0.7725510204081631,0.2247959183673469
40,2024-01-27,0.6361224489795918,0.019795918367346902,0.3440816326530612
40,2024-02-03,0.0062244897959183,0.7446938775510203,0.2490816326530612
40,2024-02-10,0.1474489795918366,0.33132653061224493,0.5212244897959184
40,2024-02-17,0.7535714285714284,0.0242857142857142,0.2221428571428571
40,2024-02-24,0.9999999999999999,0.0,0.0
40,2024-03-02,1.0,0.0,0.0
40,2024-03-09,0.906938775510204,0.0,0.0930612244897959
40,2024-03-16,0.5533673469387754,0.0122448979591836,0.4343877551020408
40,2024-03-23,0.9787755102040815,0.0,0.0212244897959183
40,2024-03-30,0.9980612244897958,0.0,0.001938775510204
40,2024-04-06,0.2683673469387755,0.0039795918367346,0.7276530612244898
40,2024-04-13,0.6235714285714286,0.0004081632653061,0.3760204081632653
40,2024-04-20,0.5557142857142857,0.0,0.4442857142857143
40,2024-04-27,0.0,0.0001020408163265,0.9998979591836736
40,2024-05-04,0.0,0.0014285714285714,0.9985714285714286
41,2023-10-14,0.0,0.0,1.0
41,2023-10-21,0.0,0.0,1.0
41,2023-10-28,0.0,0.002,0.998
41,2023-11-04,0.0,0.0572448979591836,0.9427551020408164
41,2023-11-11,0.0,0.0,1.0
41,2023-11-18,0.0,0.0,1.0
41,2023-11-25,0.0,0.0012244897959183,0.9987755102040816
41,2023-12-02,0.0,0.0,1.0
41,2023-12-09,0.0,0.0022448979591836,0.9977551020408164
41,2023-12-16,0.0,0.2958163265306122,0.7041836734693877
41,2023-12-23,0.0,0.155204081632653,0.8447959183673469
41,2023-12-30,0.0,0.3870408163265305,0.6129591836734694
41,2024-01-06,0.0,0.861938775510204,0.1380612244897959
41,2024-01-13,0.8172448979591836,0.000204081632653,0.1825510204081632
41,2024-01-20,0.8757142857142857,0.0001020408163265,0.1241836734693877
41,2024-01-27,0.9906122448979592,0.0,0.0093877551020408
41,2024-02-03,0.0718367346938775,0.0162244897959183,0.911938775510204
41,2024-02-10,0.3631632653061225,0.0005102040816326,0.6363265306122449
41,2024-02-17,0.1736734693877551,0.0041836734693877,0.8221428571428572
41,2024-02-24,0.661530612244898,0.0,0.338469387755102
41,2024-03-02,0.0021428571428571,0.0428571428571428,0.955
41,2024-03-09,0.2056122448979591,0.0007142857142857,0.7936734693877551
41,2024-03-16,0.1888775510204081,0.0004081632653061,0.8107142857142857
41,2024-03-23,0.4092857142857143,0.000204081632653,0.5905102040816327
41,2024-03-30,0.0003061224489795,0.1455102040816326,0.8541836734693877
41,2024-04-06,0.5411224489795918,0.000204081632653,0.4586734693877551
41,2024-04-13,0.6146938775510205,0.0,0.3853061224489796
41,2024-04-20,0.0598979591836734,0.0,0.9401020408163264
41,2024-04-27,0.0,0.0007142857142857,0.9992857142857144
41,2024-05-04,0.0,0.0004081632653061,0.999591836734694
42,2023-10-14,0.0,0.0030612244897959,0.996938775510204
42,2023-10-21,0.0,0.0022448979591836,0.9977551020408164
42,2023-10-28,0.0,0.0,1.0
42,2023-11-04,0.0,0.0098979591836734,0.9901020408163266
42,2023-11-11,0.0,0.0,1.0
42,2023-11-18,0.0,0.0057142857142857,0.9942857142857144
42,2023-11-25,0.0,0.0006122448979591,0.9993877551020408
42,2023-12-02,0.0,0.0055102040816326,0.9944897959183674
42,2023-12-09,0.0,0.9176530612244898,0.0823469387755102
42,2023-12-16,0.0,0.4325510204081633,0.5674489795918367
42,2023-12-23,0.0,0.4542857142857143,0.5457142857142857
42,2023-12-30,0.0,0.9999999999999999,0.0
42,2024-01-06,0.0,0.9990816326530612,0.0009183673469387
42,2024-01-13,1.0,0.0,0.0
42,2024-01-20,0.990204081632653,0.0,0.0097959183673469
42,2024-01-27,0.9999999999999999,0.0,0.0
42,2024-02-03,0.7676530612244898,0.0,0.2323469387755102
42,2024-02-10,0.0748979591836734,0.0353061224489795,0.889795918367347
42,2024-02-17,0.6771428571428572,0.0,0.3228571428571428
42,2024-02-24,0.0730612244897959,0.0629591836734694,0.8639795918367347
42,2024-03-02,0.5043877551020408,0.0,0.4956122448979592
42,2024-03-09,0.2416326530612245,0.0010204081632653,0.7573469387755102
42,2024-03-16,0.7225510204081632,0.0,0.2774489795918367
42,2024-03-23,0.9983673469387755,0.0,0.0016326530612244
42,2024-03-30,0.7531632653061224,0.0,0.2468367346938775
42,2024-04-06,0.7308163265306122,0.0,0.2691836734693877
42,2024-04-13,0.0780612244897959,0.0,0.921938775510204
42,2024-04-20,0.5808163265306122,0.0,0.4191836734693877
42,2024-04-27,0.1244897959183673,0.0,0.8755102040816326
42,2024-05-04,0.0038775510204081,0.0,0.9961224489795918
44,2023-10-14,0.0,0.126,0.874
44,2023-10-21,0.0,0.11,0.89
44,2023-10-28,0.0,0.166,0.834
44,2023-11-04,0.0,0.3010204081632652,0.6989795918367347
44,2023-11-11,0.0,0.2013265306122448,0.7986734693877551
44,2023-11-18,0.0,0.318,0.682
44,2023-11-25,0.0,0.154,0.846
44,2023-12-02,0.0,0.388,0.612
44,2023-12-09,0.0,0.39,0.61
44,2023-12-16,0.0,0.312,0.688
44,2023-12-23,0.0,0.8580612244897958,0.1419387755102041
44,2023-12-30,0.1646938775510204,0.1444897959183672,0.6908163265306122
44,2024-01-06,0.0001020408163265,0.9376530612244898,0.0622448979591836
44,2024-01-13,0.8209183673469387,0.0118367346938774,0.1672448979591836
44,2024-01-20,0.9606122448979592,0.0008163265306121999,0.0385714285714285
44,2024-01-27,0.5940816326530611,0.032857142857142696,0.3730612244897959
44,2024-02-03,0.8106122448979591,0.0051020408163265,0.1842857142857142
44,2024-02-10,0.6238775510204082,0.008367346938775399,0.3677551020408163
44,2024-02-17,0.0345918367346938,0.3147959183673468,0.6506122448979592
44,2024-02-24,0.0132653061224489,0.5793877551020408,0.4073469387755102
44,2024-03-02,0.2377551020408162,0.1567346938775509,0.6055102040816327
44,2024-03-09,0.8758163265306121,0.0018367346938775,0.1223469387755102
44,2024-03-16,0.895408163265306,0.0007142857142857,0.1038775510204081
44,2024-03-23,0.57,0.0145918367346938,0.4154081632653061
44,2024-03-30,0.9697959183673468,0.0,0.030204081632653
44,2024-04-06,0.1591836734693877,0.025612244897959102,0.815204081632653
44,2024-04-13,0.1763265306122449,0.061632653061224396,0.7620408163265306
44,2024-04-20,0.6870408163265306,0.0028571428571428,0.3101020408163265
44,2024-04-27,0.3512244897959183,0.0035714285714285,0.6452040816326531
44,2024-05-04,0.4205102040816326,0.0004081632653061,0.5790816326530612
45,2023-10-14,0.0,0.0121428571428571,0.9878571428571428
45,2023-10-21,0.0,0.0090816326530612,0.9909183673469388
45,2023-10-28,0.0,0.0,1.0
45,2023-11-04,0.0,0.0723469387755101,0.9276530612244898
45,2023-11-11,0.0,0.020204081632653,0.9797959183673468
45,2023-11-18,0.0,0.0216326530612244,0.9783673469387756
45,2023-11-25,0.0,0.0205102040816326,0.9794897959183674
45,2023-12-02,0.0,0.046734693877551,0.953265306122449
45,2023-12-09,0.0,0.803265306122449,0.196734693877551
45,2023-12-16,0.0,0.5294897959183673,0.4705102040816326
45,2023-12-23,0.0001020408163265,0.7762244897959184,0.2236734693877551
45,2023-12-30,0.0001020408163265,0.988265306122449,0.0116326530612244
45,2024-01-06,0.0,0.9937755102040816,0.0062244897959183
45,2024-01-13,1.0,0.0,0.0
45,2024-01-20,1.0,0.0,0.0
45,2024-01-27,0.9997959183673469,0.0,0.000204081632653
45,2024-02-03,0.4446938775510204,0.0203061224489795,0.535
45,2024-02-10,0.9882653061224489,0.0,0.011734693877551
45,2024-02-17,0.9433673469387754,0.0,0.0566326530612244
45,2024-02-24,0.4490816326530612,0.003469387755102,0.5474489795918367
45,2024-03-02,0.6540816326530612,0.0,0.3459183673469387
45,2024-03-09,0.4154081632653061,0.0,0.5845918367346938
45,2024-03-16,0.2456122448979592,0.0,0.7543877551020408
45,2024-03-23,0.3329591836734694,0.0,0.6670408163265306
45,2024-03-30,0.1009183673469387,0.0,0.8990816326530612
45,2024-04-06,0.0077551020408163,0.0,0.9922448979591836
45,2024-04-13,0.1177551020408163,0.0,0.8822448979591837
45,2024-04-20,0.0,0.0020408163265306,0.9979591836734694
45,2024-04-27,0.0366326530612244,0.0,0.9633673469387756
45,2024-05-04,0.0,0.0,1.0
46,2023-10-14,0.0,0.152,0.848
46,2023-10-21,0.0,0.15,0.85
46,2023-10-28,0.0,0.268,0.732
46,2023-11-04,0.0,0.4145918367346938,0.5854081632653061
46,2023-11-11,0.0,0.3134693877551019,0.686530612244898
46,2023-11-18,0.0,0.32,0.68
46,2023-11-25,0.0,0.22,0.78
46,2023-12-02,0.0,0.23600000000000002,0.764
46,2023-12-09,0.0,0.448,0.552
46,2023-12-16,0.0,0.3771428571428571,0.6228571428571429
46,2023-12-23,0.0,0.5265306122448979,0.473469387755102
46,2023-12-30,0.0,0.948469387755102,0.0515306122448979
46,2024-01-06,0.0270408163265305,0.7451020408163265,0.2278571428571428
46,2024-01-13,0.2662244897959183,0.2595918367346938,0.4741836734693878
46,2024-01-20,0.9943877551020407,0.0,0.0056122448979591
46,2024-01-27,0.9981632653061225,0.0,0.0018367346938775
46,2024-02-03,0.0025510204081632,0.7975510204081633,0.1998979591836734
46,2024-02-10,0.8991836734693877,0.0015306122448979,0.0992857142857142
46,2024-02-17,0.466734693877551,0.0318367346938774,0.5014285714285714
46,2024-02-24,0.0562244897959183,0.39877551020408164,0.545
46,2024-03-02,0.0079591836734693,0.8180612244897958,0.1739795918367347
46,2024-03-09,0.22061224489795908,0.2688775510204081,0.5105102040816326
46,2024-03-16,0.9583673469387755,0.0013265306122448,0.0403061224489795
46,2024-03-23,0.4463265306122448,0.1006122448979591,0.4530612244897959
46,2024-03-30,0.1090816326530612,0.48857142857142843,0.4023469387755102
46,2024-04-06,0.998469387755102,0.0,0.0015306122448979
46,2024-04-13,0.5911224489795918,0.037551020408163105,0.3713265306122449
46,2024-04-20,0.9820408163265305,0.0,0.0179591836734693
46,2024-04-27,0.0670408163265306,0.20673469387755092,0.7262244897959184
46,2024-05-04,0.8144897959183673,0.0024489795918367,0.1830612244897959
47,2023-10-14,0.0,0.0156122448979591,0.9843877551020408
47,2023-10-21,0.0,0.0182653061224489,0.981734693877551
47,2023-10-28,0.0,0.0,1.0
47,2023-11-04,0.0,0.0732653061224489,0.926734693877551
47,2023-11-11,0.0,0.0006122448979591,0.9993877551020408
47,2023-11-18,0.0,0.000204081632653,0.9997959183673468
47,2023-11-25,0.0,0.0313265306122449,0.9686734693877552
47,2023-12-02,0.0,0.0160204081632653,0.9839795918367348
47,2023-12-09,0.0,0.0815306122448979,0.918469387755102
47,2023-12-16,0.0,0.4573469387755102,0.5426530612244898
47,2023-12-23,0.0,0.3226530612244898,0.6773469387755102
47,2023-12-30,0.0,0.9339795918367346,0.0660204081632653
47,2024-01-06,0.0,0.9999999999999999,0.0
47,2024-01-13,0.9879591836734695,0.0,0.0120408163265306
47,2024-01-20,0.9679591836734693,0.0,0.0320408163265306
47,2024-01-27,0.9928571428571429,0.0,0.0071428571428571
47,2024-02-03,0.9990816326530612,0.0,0.0009183673469387
47,2024-02-10,0.9875510204081633,0.0,0.0124489795918367
47,2024-02-17,0.7794897959183673,0.0001020408163265,0.2204081632653061
47,2024-02-24,0.2969387755102041,0.0061224489795918,0.6969387755102041
47,2024-03-02,0.0675510204081632,0.0161224489795918,0.9163265306122448
47,2024-03-09,0.0075510204081632,0.10183673469387751,0.8906122448979592
47,2024-03-16,0.9831632653061223,0.0,0.0168367346938775
47,2024-03-23,0.9510204081632652,0.0,0.0489795918367346
47,2024-03-30,0.2172448979591836,0.0,0.7827551020408163
47,2024-04-06,0.0404081632653061,0.0,0.9595918367346938
47,2024-04-13,0.0,0.0078571428571428,0.9921428571428572
47,2024-04-20,0.0662244897959183,0.0,0.9337755102040816
47,2024-04-27,0.026938775510204,0.0,0.973061224489796
47,2024-05-04,0.0,0.0,1.0
48,2023-10-14,0.0,0.0004081632653061,0.999591836734694
48,2023-10-21,0.0,0.0001020408163265,0.9998979591836736
48,2023-10-28,0.0,0.0,1.0
48,2023-11-04,0.0,0.0222448979591836,0.9777551020408164
48,2023-11-11,0.0,0.0005102040816326,0.9994897959183674
48,2023-11-18,0.0,0.0012244897959183,0.9987755102040816
48,2023-11-25,0.0,0.0,1.0
48,2023-12-02,0.0,0.0003061224489795,0.9996938775510203
48,2023-12-09,0.0,0.1053061224489795,0.8946938775510204
48,2023-12-16,0.0,0.0091836734693877,0.9908163265306122
48,2023-12-23,0.0,0.7230612244897959,0.276938775510204
48,2023-12-30,0.0,0.9969387755102042,0.0030612244897959
48,2024-01-06,0.0,0.7672448979591837,0.2327551020408163
48,2024-01-13,0.0010204081632653,0.4994897959183673,0.4994897959183673
48,2024-01-20,0.0776530612244898,0.2212244897959183,0.7011224489795919
48,2024-01-27,0.9877551020408164,0.0,0.0122448979591836
48,2024-02-03,0.1268367346938775,0.0178571428571428,0.8553061224489796
48,2024-02-10,0.9565306122448979,0.0,0.043469387755102
48,2024-02-17,0.993061224489796,0.0,0.006938775510204
48,2024-02-24,0.9999999999999999,0.0,0.0
48,2024-03-02,1.0,0.0,0.0
48,2024-03-09,0.9076530612244896,0.0,0.0923469387755102
48,2024-03-16,0.7851020408163265,0.0,0.2148979591836734
48,2024-03-23,0.006734693877551,0.0,0.993265306122449
48,2024-03-30,0.0159183673469387,0.0,0.9840816326530611
48,2024-04-06,0.0,0.0,1.0
48,2024-04-13,0.0,0.0,1.0
48,2024-04-20,0.0,0.0,1.0
48,2024-04-27,0.0,0.0,1.0
48,2024-05-04,0.0,0.0,1.0
49,2023-10-14,0.0,0.01,0.99
49,2023-10-21,0.0,0.008,0.992
49,2023-10-28,0.0,0.01,0.99
49,2023-11-04,0.0,0.1482653061224489,0.8517346938775511
49,2023-11-11,0.0,0.001734693877551,0.998265306122449
49,2023-11-18,0.0,0.0,1.0
49,2023-11-25,0.0,0.0,1.0
49,2023-12-02,0.0,0.0040816326530612,0.9959183673469388
49,2023-12-09,0.0,0.0143877551020408,0.9856122448979592
49,2023-12-16,0.0,0.0026530612244897,0.9973469387755102
49,2023-12-23,0.0,0.0159183673469387,0.9840816326530611
49,2023-12-30,0.0,0.8790816326530612,0.1209183673469387
49,2024-01-06,0.0,0.7675510204081633,0.2324489795918367
49,2024-01-13,0.7606122448979592,0.0,0.2393877551020408
49,2024-01-20,0.8130612244897959,0.0,0.186938775510204
49,2024-01-27,0.6657142857142857,0.0,0.3342857142857143
49,2024-02-03,0.0001020408163265,0.0046938775510204,0.9952040816326532
49,2024-02-10,0.0739795918367346,0.0,0.9260204081632653
49,2024-02-17,0.0,0.0001020408163265,0.9998979591836736
49,2024-02-24,0.0,0.0014285714285714,0.9985714285714286
49,2024-03-02,0.0,0.0,1.0
49,2024-03-09,0.0,0.033469387755102,0.966530612244898
49,2024-03-16,0.0,0.0003061224489795,0.9996938775510203
49,2024-03-23,0.0,0.0011224489795918,0.9988775510204082
49,2024-03-30,0.0,0.0,1.0
49,2024-04-06,0.0,0.0,1.0
49,2024-04-13,0.0,0.002,0.998
49,2024-04-20,0.0,0.0,1.0
49,2024-04-27,0.0,0.002,0.998
49,2024-05-04,0.0,0.002,0.998
50,2023-10-14,0.0,0.122,0.878
50,2023-10-21,0.0,0.134,0.866
50,2023-10-28,0.0,0.27599999999999997,0.724
50,2023-11-04,0.0,0.43438775510204075,0.5656122448979591
50,2023-11-11,0.0,0.21040816326530598,0.7895918367346939
50,2023-11-18,0.0,0.312,0.688
50,2023-11-25,0.0,0.42200000000000004,0.578
50,2023-12-02,0.0,0.238,0.762
50,2023-12-09,0.0,0.268,0.732
50,2023-12-16,0.0,0.506,0.494
50,2023-12-23,0.0,0.16255102040816322,0.8374489795918367
50,2023-12-30,0.0204081632653061,0.18418367346938772,0.7954081632653062
50,2024-01-06,0.0192857142857142,0.3565306122448979,0.6241836734693877
50,2024-01-13,0.7927551020408163,0.0007142857142857,0.2065306122448979
50,2024-01-20,0.11591836734693871,0.2210204081632653,0.6630612244897959
50,2024-01-27,0.22897959183673458,0.1491836734693877,0.6218367346938776
50,2024-02-03,0.8327551020408163,0.0023469387755101,0.1648979591836734
50,2024-02-10,0.6507142857142857,0.0069387755102039,0.3423469387755102
50,2024-02-17,0.1757142857142857,0.1433673469387755,0.6809183673469388
50,2024-02-24,0.1781632653061223,0.1480612244897958,0.6737755102040817
50,2024-03-02,0.010612244897959,0.6840816326530611,0.3053061224489796
50,2024-03-09,0.3364285714285713,0.09112244897959179,0.5724489795918367
50,2024-03-16,0.5331632653061222,0.0354081632653061,0.4314285714285714
50,2024-03-23,0.8335714285714284,0.0035714285714284,0.1628571428571428
50,2024-03-30,0.5705102040816326,0.013877551020408,0.4156122448979591
50,2024-04-06,0.1797959183673469,0.0901020408163264,0.7301020408163266
50,2024-04-13,0.4982653061224489,0.0025510204081632,0.4991836734693877
50,2024-04-20,0.0076530612244897,0.2371428571428571,0.7552040816326531
50,2024-04-27,0.6619387755102041,0.0016326530612244,0.3364285714285714
50,2024-05-04,0.026,0.132,0.842
51,2023-10-14,0.0,0.0024489795918367,0.9975510204081632
51,2023-10-21,0.0,0.0028571428571428,0.9971428571428572
51,2023-10-28,0.0,0.0,1.0
51,2023-11-04,0.0,0.0841836734693877,0.9158163265306124
51,2023-11-11,0.0,0.000204081632653,0.9997959183673468
51,2023-11-18,0.0,0.001938775510204,0.998061224489796
51,2023-11-25,0.0,0.0087755102040816,0.9912244897959184
51,2023-12-02,0.0,0.0026530612244897,0.9973469387755102
51,2023-12-09,0.0,0.0278571428571428,0.9721428571428572
51,2023-12-16,0.0,0.0068367346938775,0.9931632653061224
51,2023-12-23,0.0,0.3687755102040816,0.6312244897959184
51,2023-12-30,0.0,0.9990816326530612,0.0009183673469387
51,2024-01-06,0.0,0.9998979591836733,0.0001020408163265
51,2024-01-13,1.0,0.0,0.0
51,2024-01-20,0.9998979591836734,0.0,0.0001020408163265
51,2024-01-27,0.9999999999999999,0.0,0.0
51,2024-02-03,0.9303061224489796,0.0,0.0696938775510204
51,2024-02-10,0.989591836734694,0.0,0.0104081632653061
51,2024-02-17,0.4739795918367347,0.0,0.5260204081632653
51,2024-02-24,0.0687755102040816,0.0159183673469387,0.9153061224489796
51,2024-03-02,0.193469387755102,0.0004081632653061,0.8061224489795918
51,2024-03-09,0.076734693877551,0.0007142857142857,0.9225510204081632
51,2024-03-16,0.1235714285714285,0.0,0.8764285714285714
51,2024-03-23,0.8588775510204082,0.0,0.1411224489795918
51,2024-03-30,0.7964285714285714,0.0,0.2035714285714285
51,2024-04-06,0.3260204081632653,0.0003061224489795,0.6736734693877551
51,2024-04-13,0.0,0.03,0.97
51,2024-04-20,0.154,0.0,0.846
51,2024-04-27,0.0,0.0,1.0
51,2024-05-04,0.0,0.0,1.0
53,2023-10-14,0.0,0.0145918367346938,0.985408163265306
53,2023-10-21,0.0,0.0163265306122449,0.9836734693877552
53,2023-10-28,0.0,0.0,1.0
53,2023-11-04,0.0,0.0556122448979591,0.9443877551020408
53,2023-11-11,0.0,0.0,1.0
53,2023-11-18,0.0,0.000204081632653,0.9997959183673468
53,2023-11-25,0.0,0.0018367346938775,0.9981632653061224
53,2023-12-02,0.0,0.0,1.0
53,2023-12-09,0.0,0.2760204081632653,0.7239795918367347
53,2023-12-16,0.0,0.0188775510204081,0.981122448979592
53,2023-12-23,0.0,0.0718367346938775,0.9281632653061224
53,2023-12-30,0.0,0.7327551020408163,0.2672448979591836
53,2024-01-06,0.0,0.47030612244897946,0.5296938775510204
53,2024-01-13,0.1622448979591836,0.0107142857142857,0.8270408163265306
53,2024-01-20,0.936530612244898,0.0,0.063469387755102
53,2024-01-27,0.7528571428571429,0.0,0.2471428571428571
53,2024-02-03,0.4396938775510204,0.0,0.5603061224489796
53,2024-02-10,0.2314285714285714,0.0,0.7685714285714286
53,2024-02-17,0.1487755102040816,0.0,0.8512244897959184
53,2024-02-24,0.0001020408163265,0.0001020408163265,0.9997959183673468
53,2024-03-02,0.0,0.006938775510204,0.993061224489796
53,2024-03-09,0.0255102040816326,0.0,0.9744897959183674
53,2024-03-16,0.0,0.0,1.0
53,2024-03-23,0.0,0.0025510204081632,0.9974489795918368
53,2024-03-30,0.0,0.0,1.0
53,2024-04-06,0.0027551020408163,0.0,0.9972448979591836
53,2024-04-13,0.0,0.0,1.0
53,2024-04-20,0.0,0.0,1.0
53,2024-04-27,0.0,0.0,1.0
53,2024-05-04,0.0,0.0,1.0
54,2023-10-14,0.0,0.076,0.924
54,2023-10-21,0.0,0.092,0.908
54,2023-10-28,0.0,0.068,0.932
54,2023-11-04,0.0,0.2101020408163265,0.7898979591836734
54,2023-11-11,0.0,0.2243877551020407,0.7756122448979592
54,2023-11-18,0.0,0.32836734693877545,0.6716326530612244
54,2023-11-25,0.0,0.0044897959183673,0.9955102040816326
54,2023-12-02,0.0,0.0728571428571428,0.9271428571428572
54,2023-12-09,0.0,0.1939795918367346,0.8060204081632653
54,2023-12-16,0.0006122448979591,0.12469387755102031,0.8746938775510205
54,2023-12-23,0.0,0.5021428571428571,0.4978571428571428
54,2023-12-30,0.0,0.9959183673469387,0.0040816326530612
54,2024-01-06,0.0,0.9989795918367347,0.0010204081632653
54,2024-01-13,0.975408163265306,0.0010204081632653,0.0235714285714285
54,2024-01-20,0.9663265306122448,0.0020408163265305,0.0316326530612244
54,2024-01-27,0.9148979591836734,0.0060204081632652005,0.0790816326530612
54,2024-02-03,0.8716326530612244,0.0106122448979591,0.1177551020408163
54,2024-02-10,0.9768367346938776,0.0005102040816326,0.0226530612244897
54,2024-02-17,0.6236734693877551,0.0653061224489795,0.3110204081632653
54,2024-02-24,0.0139795918367346,0.856326530612245,0.1296938775510204
54,2024-03-02,0.826734693877551,0.0190816326530612,0.1541836734693877
54,2024-03-09,0.8858163265306123,0.0078571428571427,0.1063265306122449
54,2024-03-16,0.9987755102040816,0.0,0.0012244897959183
54,2024-03-23,0.9965306122448979,0.000204081632653,0.0032653061224489
54,2024-03-30,0.9628571428571429,0.0017346938775509,0.0354081632653061
54,2024-04-06,0.8125510204081632,0.030510204081632603,0.156938775510204
54,2024-04-13,0.8173469387755101,0.0212244897959183,0.1614285714285714
54,2024-04-20,0.9994897959183674,0.0,0.0005102040816326
54,2024-04-27,0.446,0.0,0.554
54,2024-05-04,0.0,0.074,0.926
55,2023-10-14,0.0,0.0,1.0
55,2023-10-21,0.0,0.0,1.0
55,2023-10-28,0.0,0.0,1.0
55,2023-11-04,0.0,0.018469387755102,0.981530612244898
55,2023-11-11,0.0,0.0001020408163265,0.9998979591836736
55,2023-11-18,0.0,0.0018367346938775,0.9981632653061224
55,2023-11-25,0.0,0.0,1.0
55,2023-12-02,0.0,0.0192857142857142,0.9807142857142858
55,2023-12-09,0.0,0.3985714285714286,0.6014285714285714
55,2023-12-16,0.0,0.9006122448979592,0.0993877551020408
55,2023-12-23,0.0,0.2501020408163265,0.7498979591836735
55,2023-12-30,0.0,0.5592857142857143,0.4407142857142857
55,2024-01-06,0.0,0.9815306122448979,0.018469387755102
55,2024-01-13,0.9945918367346938,0.0,0.0054081632653061
55,2024-01-20,0.3590816326530611,0.0414285714285714,0.5994897959183674
55,2024-01-27,1.0,0.0,0.0
55,2024-02-03,0.8774489795918368,0.0,0.1225510204081632
55,2024-02-10,0.0066326530612244,0.1833673469387754,0.81
55,2024-02-17,0.2186734693877551,0.0177551020408163,0.7635714285714286
55,2024-02-24,0.070204081632653,0.0910204081632652,0.8387755102040816
55,2024-03-02,0.798265306122449,0.0,0.201734693877551
55,2024-03-09,0.6030612244897959,0.0006122448979591,0.3963265306122449
55,2024-03-16,0.6505102040816326,0.0,0.3494897959183674
55,2024-03-23,0.8312244897959182,0.0013265306122448,0.1674489795918367
55,2024-03-30,0.9534693877551019,0.0,0.0465306122448979
55,2024-04-06,0.5360204081632653,0.0039795918367346,0.46
55,2024-04-13,0.6288775510204082,0.001938775510204,0.3691836734693877
55,2024-04-20,0.9408163265306122,0.0,0.0591836734693877
55,2024-04-27,0.0564285714285714,0.0,0.9435714285714286
55,2024-05-04,0.0294897959183673,0.0,0.9705102040816328
56,2023-10-14,0.0,0.09,0.91
56,2023-10-21,0.0,0.098,0.902
56,2023-10-28,0.0,0.212,0.788
56,2023-11-04,0.000204081632653,0.44602040816326516,0.5537755102040817
56,2023-11-11,0.0,0.2606122448979591,0.7393877551020408
56,2023-11-18,0.0,0.486,0.514
56,2023-11-25,0.0,0.332,0.668
56,2023-12-02,0.0004081632653061,0.796734693877551,0.2028571428571428
56,2023-12-09,0.22836734693877542,0.1679591836734693,0.6036734693877551
56,2023-12-16,0.0042857142857142,0.8339795918367348,0.161734693877551
56,2023-12-23,0.1841836734693877,0.3743877551020407,0.4414285714285714
56,2023-12-30,0.8869387755102042,0.0064285714285713,0.1066326530612244
56,2024-01-06,0.0030612244897958,0.903469387755102,0.093469387755102
56,2024-01-13,0.7189795918367347,0.0685714285714284,0.2124489795918367
56,2024-01-20,0.9737755102040816,0.0026530612244897,0.0235714285714285
56,2024-01-27,1.0000000000000002,0.0,0.0
56,2024-02-03,0.018571428571428503,0.6636734693877551,0.3177551020408163
56,2024-02-10,0.3546938775510203,0.1695918367346938,0.4757142857142857
56,2024-02-17,0.9272448979591836,0.0027551020408162,0.07
56,2024-02-24,0.2057142857142856,0.2730612244897959,0.5212244897959184
56,2024-03-02,0.9961224489795919,0.0,0.0038775510204081
56,2024-03-09,0.673265306122449,0.0156122448979591,0.3111224489795918
56,2024-03-16,0.9226530612244898,0.0,0.0773469387755102
56,2024-03-23,0.36,0.0092857142857142,0.6307142857142857
56,2024-03-30,0.024,0.126,0.85
56,2024-04-06,0.0,0.2453061224489795,0.7546938775510204
56,2024-04-13,0.123469387755102,0.0227551020408162,0.8537755102040816
56,2024-04-20,0.0,0.134,0.866
56,2024-04-27,0.0,0.132,0.868
56,2024-05-04,0.0,0.302,0.698
72,2023-10-14,0.2901020408163265,0.1281632653061224,0.5817346938775511
72,2023-10-21,0.3146938775510203,0.1029591836734692,0.5823469387755102
72,2023-10-28,0.125,0.0560204081632653,0.8189795918367347
72,2023-11-04,0.19612244897959172,0.2703061224489795,0.5335714285714286
72,2023-11-11,0.3392857142857142,0.0428571428571428,0.6178571428571429
72,2023-11-18,0.2583673469387755,0.0261224489795918,0.7155102040816327
72,2023-11-25,0.8911224489795918,0.0001020408163265,0.1087755102040816
72,2023-12-02,0.4626530612244898,0.0022448979591836,0.5351020408163265
72,2023-12-09,0.7505102040816326,0.000204081632653,0.2492857142857142
72,2023-12-16,0.8752040816326531,0.0,0.1247959183673469
72,2023-12-23,0.3027551020408163,0.0005102040816326,0.696734693877551
72,2023-12-30,0.0295918367346938,0.0232653061224489,0.9471428571428572
72,2024-01-06,0.0379591836734693,0.0487755102040816,0.9132653061224488
72,2024-01-13,0.136,0.012,0.852
72,2024-01-20,0.0,0.21,0.79
72,2024-01-27,0.066,0.012,0.922
72,2024-02-03,0.042,0.014,0.944
72,2024-02-10,0.07,0.002,0.928
72,2024-02-17,0.0,0.59,0.41
72,2024-02-24,0.332,0.0,0.668
72,2024-03-02,0.102,0.004,0.894
72,2024-03-09,0.072,0.008,0.92
72,2024-03-16,0.004,0.04,0.956
72,2024-03-23,0.0,0.092,0.908
72,2024-03-30,0.088,0.008,0.904
72,2024-04-06,0.008,0.016,0.976
72,2024-04-13,0.038,0.002,0.96
72,2024-04-20,0.0,0.028,0.972
72,2024-04-27,0.002,0.016,0.982
72,2024-05-04,0.0,0.046,0.954
US,2023-10-14,0.0,0.0,1.0
US,2023-10-21,0.0,0.0,1.0
US,2023-10-28,0.0,0.0,1.0
US,2023-11-04,0.0,0.007,0.993
US,2023-11-11,0.0,0.001,0.999
US,2023-11-18,0.0,0.009,0.991
US,2023-11-25,0.0,0.012,0.988
US,2023-12-02,0.0,0.012,0.988
US,2023-12-09,0.0,0.168,0.832
US,2023-12-16,0.0,0.176,0.824
US,2023-12-23,0.0,0.445,0.555
US,2023-12-30,0.0,0.943,0.057
US,2024-01-06,0.0,0.8800000000000001,0.12
US,2024-01-13,0.9490000000000001,0.0,0.051
US,2024-01-20,0.9730000000000001,0.0,0.027
US,2024-01-27,0.998,0.0,0.002
US,2024-02-03,0.626,0.001,0.373
US,2024-02-10,0.81,0.0,0.19
US,2024-02-17,0.586,0.0,0.414
US,2024-02-24,0.43,0.003,0.567
US,2024-03-02,0.617,0.0,0.383
US,2024-03-09,0.37,0.0,0.63
US,2024-03-16,0.743,0.0,0.257
US,2024-03-23,0.833,0.0,0.167
US,2024-03-30,0.594,0.0,0.406
US,2024-04-06,0.135,0.0,0.865
US,2024-04-13,0.052,0.0,0.948
US,2024-04-20,0.053,0.0,0.947
US,2024-04-27,0.01,0.0,0.99
US,2024-05-04,0.0,0.0,1.0
