reference_date,target_end_date,location,0.025,0.05,0.25,0.5,0.75,0.95,0.975
2024-11-30,2024-11-30,01,40.0,42.0,50.0,57.0,64.0,75.0,78.0
2024-11-30,2024-11-30,02,0.0,1.0,4.0,6.0,9.0,12.0,13.0
2024-11-30,2024-11-30,04,450.0,470.0,536.0,587.0,641.0,726.0,755.0
2024-11-30,2024-11-30,05,0.0,1.0,6.0,11.0,18.0,28.0,32.0
2024-11-30,2024-11-30,06,437.0,457.0,520.0,567.0,616.0,693.0,719.0
2024-11-30,2024-11-30,08,21.0,23.0,28.0,32.0,36.0,43.0,45.0
2024-11-30,2024-11-30,09,5.0,7.0,15.0,21.0,28.0,39.0,43.0
2024-11-30,2024-11-30,10,5.0,6.0,9.0,11.0,14.0,20.0,22.0
2024-11-30,2024-11-30,11,3.0,4.0,6.0,8.0,11.0,14.0,15.0
2024-11-30,2024-11-30,12,342.0,352.0,385.0,409.0,435.0,473.0,486.0
2024-11-30,2024-11-30,13,36.0,39.0,49.0,57.0,66.0,81.0,86.0
2024-11-30,2024-11-30,15,1.0,2.0,6.0,9.0,12.0,17.0,19.0
2024-11-30,2024-11-30,16,14.0,16.0,22.0,26.0,31.0,38.0,41.0
2024-11-30,2024-11-30,17,55.0,61.0,79.0,92.0,104.0,122.0,128.0
2024-11-30,2024-11-30,18,39.0,42.0,49.0,55.0,61.0,70.0,74.0
2024-11-30,2024-11-30,19,1.0,2.0,5.0,8.0,11.0,18.0,21.0
2024-11-30,2024-11-30,20,7.0,8.0,14.0,19.0,24.0,33.0,36.0
2024-11-30,2024-11-30,21,0.0,1.0,29.0,49.0,70.0,99.0,108.0
2024-11-30,2024-11-30,22,57.0,60.0,71.0,79.0,87.0,101.0,106.0
2024-11-30,2024-11-30,23,1.0,1.0,3.0,4.0,6.0,9.0,10.0
2024-11-30,2024-11-30,24,13.0,14.0,19.0,22.0,27.0,34.0,36.0
2024-11-30,2024-11-30,25,56.0,59.0,69.0,76.0,84.0,97.0,101.0
2024-11-30,2024-11-30,26,57.0,61.0,74.0,85.0,96.0,116.0,122.0
2024-11-30,2024-11-30,27,10.0,12.0,21.0,28.0,36.0,47.0,51.0
2024-11-30,2024-11-30,28,12.0,13.0,17.0,20.0,24.0,31.0,33.0
2024-11-30,2024-11-30,29,28.0,32.0,45.0,57.0,69.0,90.0,97.0
2024-11-30,2024-11-30,30,0.0,0.0,2.0,4.0,6.0,11.0,13.0
2024-11-30,2024-11-30,31,0.0,0.0,3.0,6.0,9.0,14.0,15.0
2024-11-30,2024-11-30,32,32.0,35.0,42.0,47.0,52.0,61.0,64.0
2024-11-30,2024-11-30,33,7.0,9.0,12.0,15.0,18.0,22.0,23.0
2024-11-30,2024-11-30,34,5.0,7.0,12.0,17.0,23.0,32.0,36.0
2024-11-30,2024-11-30,35,21.0,22.0,29.0,33.0,39.0,47.0,49.0
2024-11-30,2024-11-30,36,33.0,50.0,104.0,141.0,178.0,232.0,250.0
2024-11-30,2024-11-30,37,19.0,21.0,31.0,39.0,49.0,66.0,73.0
2024-11-30,2024-11-30,38,1.0,2.0,4.0,6.0,8.0,11.0,12.0
2024-11-30,2024-11-30,39,544.0,561.0,615.0,653.0,693.0,753.0,772.0
2024-11-30,2024-11-30,40,4.0,7.0,17.0,27.0,38.0,56.0,63.0
2024-11-30,2024-11-30,41,28.0,31.0,40.0,46.0,53.0,64.0,68.0
2024-11-30,2024-11-30,42,114.0,121.0,148.0,168.0,191.0,227.0,240.0
2024-11-30,2024-11-30,44,0.0,0.0,1.0,3.0,4.0,6.0,7.0
2024-11-30,2024-11-30,45,12.0,13.0,17.0,20.0,24.0,31.0,34.0
2024-11-30,2024-11-30,46,1.0,1.0,3.0,4.0,5.0,8.0,9.0
2024-11-30,2024-11-30,47,42.0,45.0,54.0,61.0,68.0,81.0,85.0
2024-11-30,2024-11-30,48,226.0,235.0,263.0,284.0,307.0,342.0,354.0
2024-11-30,2024-11-30,49,16.0,17.0,22.0,25.0,29.0,35.0,37.0
2024-11-30,2024-11-30,50,0.0,0.0,1.0,2.0,3.0,5.0,6.0
2024-11-30,2024-11-30,51,27.0,29.0,35.0,39.0,44.0,52.0,54.0
2024-11-30,2024-11-30,53,25.0,29.0,40.0,49.0,60.0,78.0,85.0
2024-11-30,2024-11-30,54,4.0,5.0,7.0,9.0,11.0,15.0,17.0
2024-11-30,2024-11-30,55,13.0,16.0,27.0,34.0,42.0,53.0,57.0
2024-11-30,2024-11-30,56,4.0,5.0,8.0,11.0,14.0,20.0,23.0
2024-11-30,2024-11-30,72,32.0,34.0,41.0,46.0,52.0,62.0,65.0
2024-11-30,2024-11-30,US,3139.0,3244.0,3579.0,3824.0,4079.0,4464.0,4593.0
2024-11-30,2024-12-07,01,33.0,38.0,54.0,68.0,84.0,113.0,124.0
2024-11-30,2024-12-07,02,2.0,2.0,6.0,9.0,14.0,23.0,27.0
2024-11-30,2024-12-07,04,389.0,430.0,579.0,704.0,851.0,1103.0,1196.0
2024-11-30,2024-12-07,05,3.0,4.0,10.0,15.0,23.0,36.0,42.0
2024-11-30,2024-12-07,06,631.0,663.0,764.0,837.0,914.0,1029.0,1068.0
2024-11-30,2024-12-07,08,19.0,22.0,31.0,39.0,49.0,66.0,72.0
2024-11-30,2024-12-07,09,15.0,18.0,30.0,41.0,53.0,75.0,83.0
2024-11-30,2024-12-07,10,6.0,7.0,11.0,14.0,18.0,24.0,27.0
2024-11-30,2024-12-07,11,3.0,3.0,7.0,10.0,14.0,22.0,25.0
2024-11-30,2024-12-07,12,340.0,361.0,431.0,485.0,545.0,641.0,675.0
2024-11-30,2024-12-07,13,24.0,29.0,49.0,68.0,92.0,139.0,157.0
2024-11-30,2024-12-07,15,0.0,1.0,7.0,12.0,16.0,24.0,26.0
2024-11-30,2024-12-07,16,18.0,22.0,34.0,43.0,53.0,69.0,74.0
2024-11-30,2024-12-07,17,62.0,69.0,91.0,110.0,130.0,164.0,176.0
2024-11-30,2024-12-07,18,23.0,31.0,59.0,81.0,105.0,143.0,156.0
2024-11-30,2024-12-07,19,0.0,0.0,0.0,12.0,28.0,51.0,59.0
2024-11-30,2024-12-07,20,6.0,8.0,14.0,20.0,28.0,43.0,50.0
2024-11-30,2024-12-07,21,7.0,10.0,22.0,34.0,48.0,72.0,82.0
2024-11-30,2024-12-07,22,51.0,55.0,72.0,85.0,100.0,126.0,135.0
2024-11-30,2024-12-07,23,2.0,3.0,5.0,7.0,10.0,16.0,18.0
2024-11-30,2024-12-07,24,8.0,9.0,16.0,22.0,31.0,47.0,53.0
2024-11-30,2024-12-07,25,61.0,67.0,88.0,105.0,125.0,159.0,172.0
2024-11-30,2024-12-07,26,71.0,81.0,122.0,156.0,197.0,268.0,295.0
2024-11-30,2024-12-07,27,15.0,19.0,34.0,47.0,61.0,84.0,92.0
2024-11-30,2024-12-07,28,11.0,13.0,20.0,26.0,34.0,49.0,55.0
2024-11-30,2024-12-07,29,32.0,37.0,58.0,77.0,100.0,144.0,161.0
2024-11-30,2024-12-07,30,0.0,0.0,5.0,11.0,18.0,32.0,37.0
2024-11-30,2024-12-07,31,0.0,0.0,0.0,6.0,15.0,27.0,32.0
2024-11-30,2024-12-07,32,51.0,56.0,71.0,83.0,96.0,119.0,127.0
2024-11-30,2024-12-07,33,9.0,11.0,16.0,20.0,25.0,34.0,37.0
2024-11-30,2024-12-07,34,15.0,18.0,31.0,42.0,56.0,81.0,91.0
2024-11-30,2024-12-07,35,21.0,25.0,39.0,51.0,65.0,87.0,95.0
2024-11-30,2024-12-07,36,0.0,8.0,121.0,203.0,286.0,406.0,445.0
2024-11-30,2024-12-07,37,27.0,33.0,57.0,81.0,112.0,173.0,197.0
2024-11-30,2024-12-07,38,1.0,3.0,9.0,14.0,19.0,28.0,31.0
2024-11-30,2024-12-07,39,376.0,407.0,510.0,590.0,676.0,812.0,860.0
2024-11-30,2024-12-07,40,2.0,5.0,20.0,37.0,58.0,97.0,111.0
2024-11-30,2024-12-07,41,40.0,46.0,63.0,75.0,87.0,105.0,110.0
2024-11-30,2024-12-07,42,111.0,121.0,156.0,185.0,218.0,274.0,294.0
2024-11-30,2024-12-07,44,0.0,0.0,2.0,4.0,6.0,10.0,11.0
2024-11-30,2024-12-07,45,8.0,10.0,17.0,25.0,36.0,56.0,64.0
2024-11-30,2024-12-07,46,1.0,1.0,3.0,5.0,8.0,13.0,15.0
2024-11-30,2024-12-07,47,39.0,43.0,60.0,74.0,90.0,119.0,129.0
2024-11-30,2024-12-07,48,298.0,313.0,362.0,400.0,441.0,507.0,529.0
2024-11-30,2024-12-07,49,13.0,15.0,23.0,29.0,36.0,46.0,50.0
2024-11-30,2024-12-07,50,0.0,0.0,1.0,4.0,7.0,11.0,12.0
2024-11-30,2024-12-07,51,32.0,36.0,50.0,62.0,76.0,101.0,111.0
2024-11-30,2024-12-07,53,41.0,47.0,71.0,91.0,114.0,152.0,166.0
2024-11-30,2024-12-07,54,1.0,2.0,6.0,11.0,17.0,29.0,33.0
2024-11-30,2024-12-07,55,33.0,38.0,53.0,65.0,78.0,98.0,104.0
2024-11-30,2024-12-07,56,1.0,2.0,6.0,10.0,16.0,27.0,32.0
2024-11-30,2024-12-07,72,28.0,31.0,41.0,50.0,59.0,76.0,82.0
2024-11-30,2024-12-07,US,2907.0,3142.0,3933.0,4545.0,5209.0,6259.0,6624.0
2024-11-30,2024-12-14,01,33.0,38.0,60.0,80.0,106.0,153.0,171.0
2024-11-30,2024-12-14,02,1.0,2.0,5.0,8.0,13.0,22.0,26.0
2024-11-30,2024-12-14,04,293.0,341.0,527.0,700.0,914.0,1311.0,1466.0
2024-11-30,2024-12-14,05,0.0,0.0,9.0,24.0,44.0,83.0,97.0
2024-11-30,2024-12-14,06,843.0,889.0,1044.0,1161.0,1287.0,1482.0,1549.0
2024-11-30,2024-12-14,08,12.0,16.0,32.0,47.0,65.0,98.0,110.0
2024-11-30,2024-12-14,09,2.0,6.0,19.0,31.0,45.0,66.0,74.0
2024-11-30,2024-12-14,10,5.0,6.0,10.0,13.0,18.0,27.0,30.0
2024-11-30,2024-12-14,11,4.0,5.0,11.0,16.0,23.0,36.0,41.0
2024-11-30,2024-12-14,12,372.0,401.0,498.0,576.0,662.0,804.0,855.0
2024-11-30,2024-12-14,13,18.0,25.0,56.0,92.0,145.0,259.0,309.0
2024-11-30,2024-12-14,15,4.0,6.0,11.0,16.0,23.0,36.0,42.0
2024-11-30,2024-12-14,16,32.0,37.0,54.0,69.0,86.0,115.0,125.0
2024-11-30,2024-12-14,17,51.0,65.0,115.0,158.0,206.0,284.0,312.0
2024-11-30,2024-12-14,18,19.0,27.0,60.0,90.0,126.0,187.0,209.0
2024-11-30,2024-12-14,19,0.0,0.0,6.0,22.0,42.0,77.0,89.0
2024-11-30,2024-12-14,20,7.0,9.0,16.0,24.0,35.0,57.0,66.0
2024-11-30,2024-12-14,21,0.0,0.0,5.0,14.0,27.0,53.0,62.0
2024-11-30,2024-12-14,22,40.0,46.0,67.0,86.0,109.0,150.0,166.0
2024-11-30,2024-12-14,23,0.0,0.0,5.0,10.0,16.0,28.0,32.0
2024-11-30,2024-12-14,24,9.0,12.0,25.0,38.0,56.0,93.0,109.0
2024-11-30,2024-12-14,25,57.0,65.0,96.0,124.0,158.0,219.0,243.0
2024-11-30,2024-12-14,26,64.0,74.0,115.0,153.0,201.0,288.0,322.0
2024-11-30,2024-12-14,27,15.0,21.0,44.0,63.0,84.0,117.0,128.0
2024-11-30,2024-12-14,28,15.0,17.0,30.0,41.0,56.0,85.0,96.0
2024-11-30,2024-12-14,29,26.0,32.0,59.0,86.0,121.0,192.0,220.0
2024-11-30,2024-12-14,30,0.0,0.0,9.0,20.0,33.0,55.0,63.0
2024-11-30,2024-12-14,31,0.0,0.0,5.0,11.0,18.0,32.0,37.0
2024-11-30,2024-12-14,32,53.0,58.0,79.0,96.0,117.0,152.0,165.0
2024-11-30,2024-12-14,33,15.0,17.0,24.0,29.0,35.0,44.0,47.0
2024-11-30,2024-12-14,34,8.0,11.0,24.0,38.0,57.0,98.0,116.0
2024-11-30,2024-12-14,35,26.0,32.0,53.0,72.0,98.0,147.0,166.0
2024-11-30,2024-12-14,36,119.0,136.0,201.0,258.0,327.0,453.0,501.0
2024-11-30,2024-12-14,37,29.0,39.0,86.0,139.0,214.0,377.0,447.0
2024-11-30,2024-12-14,38,9.0,10.0,16.0,22.0,28.0,41.0,45.0
2024-11-30,2024-12-14,39,264.0,300.0,418.0,509.0,606.0,757.0,808.0
2024-11-30,2024-12-14,40,18.0,22.0,42.0,62.0,89.0,144.0,166.0
2024-11-30,2024-12-14,41,49.0,54.0,72.0,86.0,102.0,128.0,138.0
2024-11-30,2024-12-14,42,109.0,123.0,177.0,221.0,272.0,359.0,391.0
2024-11-30,2024-12-14,44,1.0,2.0,4.0,5.0,8.0,12.0,14.0
2024-11-30,2024-12-14,45,6.0,8.0,18.0,29.0,45.0,80.0,95.0
2024-11-30,2024-12-14,46,1.0,2.0,6.0,11.0,16.0,27.0,31.0
2024-11-30,2024-12-14,47,34.0,39.0,60.0,79.0,102.0,145.0,162.0
2024-11-30,2024-12-14,48,291.0,310.0,373.0,423.0,478.0,567.0,599.0
2024-11-30,2024-12-14,49,18.0,21.0,34.0,44.0,56.0,76.0,83.0
2024-11-30,2024-12-14,50,3.0,3.0,6.0,8.0,11.0,17.0,19.0
2024-11-30,2024-12-14,51,55.0,62.0,92.0,119.0,152.0,211.0,233.0
2024-11-30,2024-12-14,53,128.0,143.0,192.0,230.0,273.0,341.0,365.0
2024-11-30,2024-12-14,54,2.0,3.0,7.0,13.0,22.0,42.0,50.0
2024-11-30,2024-12-14,55,15.0,23.0,49.0,69.0,90.0,121.0,131.0
2024-11-30,2024-12-14,56,2.0,3.0,9.0,15.0,24.0,44.0,53.0
2024-11-30,2024-12-14,72,30.0,34.0,48.0,60.0,74.0,99.0,109.0
2024-11-30,2024-12-14,US,2625.0,2928.0,4031.0,4967.0,6062.0,7948.0,8648.0
2024-11-30,2024-12-21,01,30.0,36.0,61.0,85.0,116.0,175.0,199.0
2024-11-30,2024-12-21,02,4.0,5.0,9.0,14.0,20.0,32.0,37.0
2024-11-30,2024-12-21,04,213.0,258.0,443.0,625.0,863.0,1326.0,1512.0
2024-11-30,2024-12-21,05,0.0,0.0,9.0,43.0,85.0,156.0,181.0
2024-11-30,2024-12-21,06,674.0,735.0,954.0,1134.0,1341.0,1689.0,1817.0
2024-11-30,2024-12-21,08,6.0,9.0,27.0,45.0,67.0,108.0,123.0
2024-11-30,2024-12-21,09,40.0,46.0,68.0,87.0,110.0,147.0,162.0
2024-11-30,2024-12-21,10,5.0,6.0,11.0,16.0,23.0,37.0,42.0
2024-11-30,2024-12-21,11,7.0,9.0,18.0,26.0,36.0,54.0,61.0
2024-11-30,2024-12-21,12,364.0,401.0,525.0,619.0,721.0,880.0,934.0
2024-11-30,2024-12-21,13,20.0,27.0,62.0,102.0,161.0,291.0,347.0
2024-11-30,2024-12-21,15,3.0,5.0,12.0,18.0,25.0,37.0,42.0
2024-11-30,2024-12-21,16,40.0,47.0,72.0,94.0,121.0,168.0,186.0
2024-11-30,2024-12-21,17,79.0,102.0,177.0,232.0,289.0,373.0,401.0
2024-11-30,2024-12-21,18,35.0,41.0,67.0,90.0,120.0,176.0,199.0
2024-11-30,2024-12-21,19,8.0,11.0,22.0,35.0,52.0,89.0,105.0
2024-11-30,2024-12-21,20,8.0,10.0,20.0,29.0,43.0,69.0,80.0
2024-11-30,2024-12-21,21,4.0,5.0,10.0,15.0,22.0,37.0,43.0
2024-11-30,2024-12-21,22,53.0,61.0,89.0,114.0,144.0,199.0,219.0
2024-11-30,2024-12-21,23,0.0,0.0,4.0,11.0,19.0,33.0,38.0
2024-11-30,2024-12-21,24,11.0,15.0,31.0,47.0,69.0,113.0,131.0
2024-11-30,2024-12-21,25,46.0,55.0,90.0,123.0,165.0,245.0,276.0
2024-11-30,2024-12-21,26,54.0,69.0,135.0,206.0,303.0,503.0,586.0
2024-11-30,2024-12-21,27,16.0,22.0,49.0,74.0,105.0,158.0,178.0
2024-11-30,2024-12-21,28,20.0,24.0,40.0,54.0,73.0,108.0,122.0
2024-11-30,2024-12-21,29,28.0,35.0,64.0,94.0,134.0,214.0,247.0
2024-11-30,2024-12-21,30,2.0,4.0,18.0,32.0,49.0,82.0,94.0
2024-11-30,2024-12-21,31,0.0,0.0,8.0,16.0,27.0,46.0,53.0
2024-11-30,2024-12-21,32,61.0,67.0,90.0,109.0,132.0,170.0,184.0
2024-11-30,2024-12-21,33,15.0,18.0,28.0,35.0,43.0,53.0,57.0
2024-11-30,2024-12-21,34,3.0,4.0,14.0,27.0,47.0,95.0,117.0
2024-11-30,2024-12-21,35,35.0,44.0,80.0,116.0,164.0,260.0,299.0
2024-11-30,2024-12-21,36,86.0,117.0,235.0,334.0,445.0,625.0,688.0
2024-11-30,2024-12-21,37,18.0,26.0,74.0,135.0,230.0,453.0,554.0
2024-11-30,2024-12-21,38,12.0,14.0,21.0,28.0,37.0,53.0,59.0
2024-11-30,2024-12-21,39,114.0,147.0,265.0,358.0,460.0,618.0,672.0
2024-11-30,2024-12-21,40,23.0,29.0,51.0,74.0,103.0,162.0,186.0
2024-11-30,2024-12-21,41,100.0,106.0,124.0,137.0,150.0,168.0,174.0
2024-11-30,2024-12-21,42,94.0,113.0,182.0,240.0,304.0,408.0,445.0
2024-11-30,2024-12-21,44,0.0,0.0,2.0,5.0,8.0,15.0,18.0
2024-11-30,2024-12-21,45,7.0,10.0,25.0,42.0,67.0,123.0,148.0
2024-11-30,2024-12-21,46,3.0,5.0,13.0,20.0,28.0,43.0,48.0
2024-11-30,2024-12-21,47,35.0,42.0,70.0,98.0,134.0,203.0,231.0
2024-11-30,2024-12-21,48,386.0,408.0,482.0,540.0,603.0,704.0,739.0
2024-11-30,2024-12-21,49,16.0,21.0,35.0,46.0,58.0,76.0,82.0
2024-11-30,2024-12-21,50,4.0,5.0,9.0,12.0,16.0,23.0,26.0
2024-11-30,2024-12-21,51,60.0,69.0,107.0,142.0,186.0,266.0,297.0
2024-11-30,2024-12-21,53,162.0,174.0,214.0,244.0,276.0,323.0,339.0
2024-11-30,2024-12-21,54,1.0,2.0,8.0,15.0,26.0,53.0,64.0
2024-11-30,2024-12-21,55,4.0,14.0,49.0,76.0,104.0,146.0,160.0
2024-11-30,2024-12-21,56,3.0,4.0,11.0,19.0,31.0,59.0,71.0
2024-11-30,2024-12-21,72,33.0,36.0,50.0,63.0,77.0,101.0,111.0
2024-11-30,2024-12-21,US,2140.0,2453.0,3650.0,4728.0,6048.0,8446.0,9370.0
2024-12-07,2024-12-07,01,51.0,54.0,63.0,71.0,79.0,92.0,97.0
2024-12-07,2024-12-07,02,1.0,2.0,6.0,8.0,11.0,14.0,15.0
2024-12-07,2024-12-07,04,531.0,555.0,638.0,701.0,768.0,875.0,912.0
2024-12-07,2024-12-07,05,8.0,9.0,12.0,15.0,19.0,25.0,27.0
2024-12-07,2024-12-07,06,763.0,788.0,868.0,927.0,987.0,1079.0,1109.0
2024-12-07,2024-12-07,08,52.0,55.0,66.0,75.0,84.0,99.0,104.0
2024-12-07,2024-12-07,09,6.0,8.0,16.0,23.0,30.0,42.0,47.0
2024-12-07,2024-12-07,10,6.0,8.0,12.0,15.0,20.0,27.0,30.0
2024-12-07,2024-12-07,11,3.0,4.0,7.0,9.0,11.0,15.0,17.0
2024-12-07,2024-12-07,12,545.0,559.0,605.0,639.0,674.0,728.0,746.0
2024-12-07,2024-12-07,13,43.0,46.0,59.0,70.0,81.0,101.0,108.0
2024-12-07,2024-12-07,15,3.0,5.0,10.0,13.0,17.0,23.0,24.0
2024-12-07,2024-12-07,16,17.0,19.0,25.0,30.0,35.0,44.0,47.0
2024-12-07,2024-12-07,17,72.0,76.0,90.0,99.0,109.0,124.0,129.0
2024-12-07,2024-12-07,18,22.0,27.0,42.0,53.0,65.0,83.0,88.0
2024-12-07,2024-12-07,19,0.0,0.0,0.0,9.0,19.0,34.0,39.0
2024-12-07,2024-12-07,20,9.0,10.0,15.0,20.0,25.0,33.0,37.0
2024-12-07,2024-12-07,21,0.0,0.0,17.0,31.0,46.0,70.0,78.0
2024-12-07,2024-12-07,22,109.0,115.0,132.0,146.0,160.0,183.0,191.0
2024-12-07,2024-12-07,23,1.0,2.0,4.0,5.0,7.0,11.0,12.0
2024-12-07,2024-12-07,24,16.0,18.0,23.0,28.0,33.0,42.0,45.0
2024-12-07,2024-12-07,25,49.0,52.0,61.0,69.0,76.0,89.0,93.0
2024-12-07,2024-12-07,26,40.0,43.0,56.0,67.0,78.0,97.0,104.0
2024-12-07,2024-12-07,27,27.0,30.0,40.0,48.0,56.0,69.0,73.0
2024-12-07,2024-12-07,28,30.0,33.0,41.0,48.0,55.0,67.0,72.0
2024-12-07,2024-12-07,29,40.0,44.0,58.0,70.0,83.0,104.0,112.0
2024-12-07,2024-12-07,30,0.0,1.0,4.0,7.0,11.0,17.0,20.0
2024-12-07,2024-12-07,31,3.0,4.0,7.0,10.0,14.0,19.0,20.0
2024-12-07,2024-12-07,32,43.0,46.0,55.0,61.0,68.0,77.0,81.0
2024-12-07,2024-12-07,33,8.0,9.0,13.0,16.0,19.0,23.0,24.0
2024-12-07,2024-12-07,34,47.0,51.0,68.0,80.0,94.0,116.0,123.0
2024-12-07,2024-12-07,35,59.0,62.0,73.0,82.0,90.0,103.0,107.0
2024-12-07,2024-12-07,36,70.0,86.0,136.0,172.0,207.0,259.0,276.0
2024-12-07,2024-12-07,37,39.0,43.0,60.0,73.0,89.0,118.0,128.0
2024-12-07,2024-12-07,38,1.0,2.0,3.0,5.0,6.0,9.0,10.0
2024-12-07,2024-12-07,39,38.0,43.0,61.0,76.0,91.0,117.0,125.0
2024-12-07,2024-12-07,40,15.0,20.0,36.0,49.0,63.0,87.0,95.0
2024-12-07,2024-12-07,41,29.0,32.0,41.0,48.0,56.0,68.0,72.0
2024-12-07,2024-12-07,42,86.0,94.0,118.0,137.0,158.0,191.0,203.0
2024-12-07,2024-12-07,44,3.0,4.0,5.0,7.0,9.0,11.0,13.0
2024-12-07,2024-12-07,45,17.0,19.0,25.0,29.0,35.0,44.0,47.0
2024-12-07,2024-12-07,46,0.0,0.0,3.0,6.0,9.0,14.0,15.0
2024-12-07,2024-12-07,47,54.0,57.0,68.0,76.0,86.0,100.0,105.0
2024-12-07,2024-12-07,48,366.0,378.0,419.0,450.0,482.0,531.0,548.0
2024-12-07,2024-12-07,49,15.0,17.0,21.0,25.0,29.0,36.0,39.0
2024-12-07,2024-12-07,50,1.0,2.0,3.0,5.0,6.0,9.0,9.0
2024-12-07,2024-12-07,51,43.0,46.0,54.0,61.0,68.0,79.0,83.0
2024-12-07,2024-12-07,53,43.0,47.0,61.0,72.0,85.0,104.0,111.0
2024-12-07,2024-12-07,54,2.0,3.0,5.0,7.0,9.0,14.0,15.0
2024-12-07,2024-12-07,55,15.0,17.0,25.0,32.0,39.0,50.0,53.0
2024-12-07,2024-12-07,56,1.0,1.0,3.0,5.0,8.0,12.0,14.0
2024-12-07,2024-12-07,72,41.0,43.0,52.0,58.0,65.0,77.0,81.0
2024-12-07,2024-12-07,US,4425.0,4545.0,4924.0,5196.0,5474.0,5887.0,6024.0
2024-12-07,2024-12-14,01,39.0,44.0,62.0,77.0,96.0,128.0,140.0
2024-12-07,2024-12-14,02,2.0,3.0,7.0,11.0,16.0,27.0,31.0
2024-12-07,2024-12-14,04,402.0,444.0,596.0,725.0,874.0,1132.0,1228.0
2024-12-07,2024-12-14,05,5.0,7.0,14.0,21.0,30.0,47.0,53.0
2024-12-07,2024-12-14,06,906.0,941.0,1051.0,1130.0,1211.0,1331.0,1371.0
2024-12-07,2024-12-14,08,47.0,52.0,69.0,83.0,100.0,128.0,138.0
2024-12-07,2024-12-14,09,12.0,15.0,26.0,36.0,48.0,69.0,77.0
2024-12-07,2024-12-14,10,8.0,9.0,13.0,17.0,21.0,29.0,32.0
2024-12-07,2024-12-14,11,4.0,5.0,9.0,12.0,17.0,26.0,30.0
2024-12-07,2024-12-14,12,571.0,603.0,709.0,791.0,878.0,1016.0,1064.0
2024-12-07,2024-12-14,13,33.0,39.0,64.0,88.0,118.0,176.0,198.0
2024-12-07,2024-12-14,15,6.0,8.0,14.0,19.0,24.0,32.0,34.0
2024-12-07,2024-12-14,16,25.0,29.0,42.0,52.0,63.0,79.0,84.0
2024-12-07,2024-12-14,17,82.0,92.0,125.0,150.0,177.0,218.0,232.0
2024-12-07,2024-12-14,18,22.0,30.0,56.0,78.0,102.0,140.0,153.0
2024-12-07,2024-12-14,19,0.0,0.0,1.0,17.0,34.0,58.0,65.0
2024-12-07,2024-12-14,20,7.0,9.0,16.0,23.0,32.0,50.0,57.0
2024-12-07,2024-12-14,21,7.0,10.0,22.0,33.0,47.0,71.0,80.0
2024-12-07,2024-12-14,22,118.0,127.0,158.0,182.0,209.0,254.0,270.0
2024-12-07,2024-12-14,23,1.0,2.0,5.0,7.0,10.0,16.0,18.0
2024-12-07,2024-12-14,24,14.0,17.0,27.0,37.0,49.0,72.0,81.0
2024-12-07,2024-12-14,25,48.0,53.0,71.0,86.0,103.0,133.0,144.0
2024-12-07,2024-12-14,26,39.0,45.0,69.0,91.0,118.0,165.0,183.0
2024-12-07,2024-12-14,27,23.0,28.0,45.0,59.0,75.0,100.0,109.0
2024-12-07,2024-12-14,28,21.0,24.0,36.0,47.0,59.0,82.0,91.0
2024-12-07,2024-12-14,29,36.0,42.0,65.0,87.0,114.0,164.0,184.0
2024-12-07,2024-12-14,30,1.0,2.0,8.0,15.0,23.0,38.0,44.0
2024-12-07,2024-12-14,31,0.0,0.0,8.0,16.0,25.0,38.0,42.0
2024-12-07,2024-12-14,32,68.0,74.0,93.0,109.0,126.0,155.0,166.0
2024-12-07,2024-12-14,33,9.0,10.0,15.0,19.0,24.0,31.0,33.0
2024-12-07,2024-12-14,34,36.0,42.0,63.0,82.0,103.0,141.0,155.0
2024-12-07,2024-12-14,35,58.0,65.0,86.0,103.0,121.0,150.0,159.0
2024-12-07,2024-12-14,36,46.0,74.0,170.0,242.0,317.0,430.0,467.0
2024-12-07,2024-12-14,37,59.0,69.0,113.0,154.0,206.0,305.0,344.0
2024-12-07,2024-12-14,38,3.0,3.0,6.0,9.0,13.0,20.0,23.0
2024-12-07,2024-12-14,39,45.0,55.0,93.0,125.0,163.0,226.0,249.0
2024-12-07,2024-12-14,40,16.0,22.0,48.0,72.0,100.0,150.0,168.0
2024-12-07,2024-12-14,41,27.0,33.0,50.0,63.0,75.0,93.0,99.0
2024-12-07,2024-12-14,42,103.0,113.0,147.0,176.0,208.0,263.0,283.0
2024-12-07,2024-12-14,44,3.0,3.0,7.0,9.0,12.0,17.0,19.0
2024-12-07,2024-12-14,45,13.0,15.0,26.0,37.0,51.0,78.0,88.0
2024-12-07,2024-12-14,46,2.0,3.0,6.0,9.0,13.0,21.0,24.0
2024-12-07,2024-12-14,47,47.0,52.0,71.0,87.0,105.0,138.0,150.0
2024-12-07,2024-12-14,48,423.0,442.0,507.0,556.0,609.0,691.0,720.0
2024-12-07,2024-12-14,49,22.0,25.0,33.0,40.0,46.0,57.0,60.0
2024-12-07,2024-12-14,50,0.0,1.0,4.0,7.0,9.0,14.0,15.0
2024-12-07,2024-12-14,51,51.0,57.0,76.0,93.0,113.0,146.0,159.0
2024-12-07,2024-12-14,53,53.0,61.0,88.0,111.0,137.0,181.0,196.0
2024-12-07,2024-12-14,54,3.0,4.0,8.0,13.0,18.0,30.0,35.0
2024-12-07,2024-12-14,55,17.0,21.0,34.0,44.0,55.0,72.0,78.0
2024-12-07,2024-12-14,56,0.0,0.0,3.0,6.0,11.0,20.0,24.0
2024-12-07,2024-12-14,72,42.0,46.0,60.0,72.0,85.0,108.0,116.0
2024-12-07,2024-12-14,US,4307.0,4580.0,5489.0,6181.0,6923.0,8083.0,8484.0
2024-12-07,2024-12-21,01,34.0,40.0,63.0,85.0,112.0,161.0,181.0
2024-12-07,2024-12-21,02,4.0,5.0,9.0,14.0,20.0,33.0,38.0
2024-12-07,2024-12-21,04,264.0,309.0,486.0,650.0,857.0,1243.0,1395.0
2024-12-07,2024-12-21,05,0.0,0.0,12.0,30.0,54.0,97.0,112.0
2024-12-07,2024-12-21,06,948.0,1005.0,1197.0,1345.0,1505.0,1759.0,1847.0
2024-12-07,2024-12-21,08,26.0,32.0,55.0,76.0,100.0,142.0,157.0
2024-12-07,2024-12-21,09,1.0,3.0,15.0,25.0,37.0,58.0,65.0
2024-12-07,2024-12-21,10,10.0,12.0,19.0,25.0,33.0,47.0,52.0
2024-12-07,2024-12-21,11,5.0,7.0,14.0,20.0,28.0,43.0,49.0
2024-12-07,2024-12-21,12,491.0,526.0,643.0,736.0,840.0,1010.0,1070.0
2024-12-07,2024-12-21,13,24.0,32.0,70.0,113.0,176.0,311.0,369.0
2024-12-07,2024-12-21,15,7.0,9.0,16.0,23.0,31.0,49.0,55.0
2024-12-07,2024-12-21,16,32.0,37.0,54.0,69.0,87.0,117.0,128.0
2024-12-07,2024-12-21,17,100.0,116.0,173.0,222.0,280.0,378.0,413.0
2024-12-07,2024-12-21,18,22.0,32.0,71.0,105.0,144.0,209.0,232.0
2024-12-07,2024-12-21,19,0.0,0.0,0.0,14.0,32.0,63.0,74.0
2024-12-07,2024-12-21,20,11.0,13.0,24.0,34.0,48.0,75.0,86.0
2024-12-07,2024-12-21,21,0.0,0.0,9.0,21.0,36.0,64.0,75.0
2024-12-07,2024-12-21,22,85.0,95.0,133.0,166.0,204.0,273.0,298.0
2024-12-07,2024-12-21,23,0.0,0.0,4.0,9.0,16.0,27.0,32.0
2024-12-07,2024-12-21,24,17.0,21.0,39.0,57.0,82.0,131.0,152.0
2024-12-07,2024-12-21,25,33.0,38.0,59.0,78.0,102.0,146.0,163.0
2024-12-07,2024-12-21,26,40.0,47.0,77.0,106.0,142.0,211.0,238.0
2024-12-07,2024-12-21,27,16.0,23.0,46.0,65.0,86.0,118.0,130.0
2024-12-07,2024-12-21,28,27.0,31.0,50.0,67.0,88.0,129.0,144.0
2024-12-07,2024-12-21,29,71.0,84.0,136.0,185.0,247.0,365.0,411.0
2024-12-07,2024-12-21,30,0.0,3.0,16.0,29.0,43.0,68.0,77.0
2024-12-07,2024-12-21,31,3.0,5.0,13.0,21.0,31.0,49.0,55.0
2024-12-07,2024-12-21,32,69.0,76.0,102.0,124.0,150.0,194.0,210.0
2024-12-07,2024-12-21,33,17.0,19.0,27.0,32.0,38.0,48.0,51.0
2024-12-07,2024-12-21,34,26.0,33.0,60.0,89.0,126.0,201.0,232.0
2024-12-07,2024-12-21,35,50.0,59.0,91.0,122.0,160.0,230.0,258.0
2024-12-07,2024-12-21,36,6.0,56.0,214.0,324.0,435.0,595.0,647.0
2024-12-07,2024-12-21,37,47.0,62.0,128.0,200.0,301.0,514.0,605.0
2024-12-07,2024-12-21,38,8.0,9.0,15.0,20.0,26.0,37.0,42.0
2024-12-07,2024-12-21,39,23.0,39.0,103.0,160.0,226.0,335.0,374.0
2024-12-07,2024-12-21,40,27.0,33.0,59.0,84.0,117.0,182.0,209.0
2024-12-07,2024-12-21,41,57.0,63.0,82.0,98.0,114.0,141.0,150.0
2024-12-07,2024-12-21,42,116.0,131.0,186.0,233.0,287.0,379.0,412.0
2024-12-07,2024-12-21,44,3.0,4.0,6.0,9.0,12.0,19.0,21.0
2024-12-07,2024-12-21,45,11.0,14.0,29.0,46.0,69.0,118.0,139.0
2024-12-07,2024-12-21,46,3.0,4.0,10.0,15.0,22.0,34.0,38.0
2024-12-07,2024-12-21,47,39.0,45.0,68.0,89.0,115.0,164.0,182.0
2024-12-07,2024-12-21,48,420.0,446.0,532.0,600.0,674.0,794.0,836.0
2024-12-07,2024-12-21,49,24.0,28.0,42.0,53.0,66.0,87.0,94.0
2024-12-07,2024-12-21,50,5.0,6.0,9.0,12.0,16.0,23.0,25.0
2024-12-07,2024-12-21,51,76.0,86.0,125.0,160.0,202.0,277.0,306.0
2024-12-07,2024-12-21,53,145.0,160.0,211.0,250.0,294.0,365.0,390.0
2024-12-07,2024-12-21,54,2.0,3.0,9.0,15.0,25.0,47.0,56.0
2024-12-07,2024-12-21,55,6.0,14.0,42.0,63.0,85.0,118.0,129.0
2024-12-07,2024-12-21,56,1.0,2.0,6.0,11.0,18.0,35.0,42.0
2024-12-07,2024-12-21,72,36.0,40.0,56.0,70.0,86.0,114.0,125.0
2024-12-07,2024-12-21,US,3848.0,4242.0,5663.0,6857.0,8244.0,10625.0,11507.0
2024-12-07,2024-12-28,01,35.0,42.0,70.0,98.0,133.0,200.0,227.0
2024-12-07,2024-12-28,02,3.0,4.0,8.0,12.0,18.0,29.0,33.0
2024-12-07,2024-12-28,04,201.0,244.0,428.0,610.0,849.0,1320.0,1511.0
2024-12-07,2024-12-28,05,0.0,0.0,16.0,51.0,93.0,164.0,189.0
2024-12-07,2024-12-28,06,913.0,986.0,1225.0,1408.0,1602.0,1904.0,2008.0
2024-12-07,2024-12-28,08,36.0,45.0,80.0,111.0,147.0,210.0,233.0
2024-12-07,2024-12-28,09,45.0,51.0,75.0,95.0,119.0,159.0,174.0
2024-12-07,2024-12-28,10,9.0,11.0,20.0,27.0,37.0,55.0,62.0
2024-12-07,2024-12-28,11,5.0,7.0,15.0,22.0,32.0,49.0,56.0
2024-12-07,2024-12-28,12,534.0,580.0,729.0,841.0,960.0,1141.0,1202.0
2024-12-07,2024-12-28,13,23.0,32.0,73.0,120.0,189.0,340.0,406.0
2024-12-07,2024-12-28,15,5.0,7.0,14.0,20.0,28.0,41.0,46.0
2024-12-07,2024-12-28,16,31.0,37.0,59.0,80.0,104.0,149.0,166.0
2024-12-07,2024-12-28,17,147.0,171.0,249.0,307.0,366.0,456.0,486.0
2024-12-07,2024-12-28,18,21.0,25.0,42.0,58.0,79.0,120.0,136.0
2024-12-07,2024-12-28,19,2.0,3.0,7.0,13.0,21.0,39.0,47.0
2024-12-07,2024-12-28,20,30.0,36.0,59.0,81.0,109.0,163.0,185.0
2024-12-07,2024-12-28,21,6.0,8.0,15.0,22.0,31.0,49.0,57.0
2024-12-07,2024-12-28,22,86.0,97.0,139.0,176.0,221.0,300.0,330.0
2024-12-07,2024-12-28,23,0.0,0.0,4.0,11.0,19.0,33.0,38.0
2024-12-07,2024-12-28,24,24.0,29.0,53.0,77.0,108.0,170.0,195.0
2024-12-07,2024-12-28,25,31.0,38.0,64.0,90.0,123.0,186.0,212.0
2024-12-07,2024-12-28,26,21.0,28.0,63.0,103.0,160.0,283.0,336.0
2024-12-07,2024-12-28,27,11.0,16.0,37.0,58.0,85.0,134.0,152.0
2024-12-07,2024-12-28,28,42.0,49.0,75.0,99.0,129.0,184.0,206.0
2024-12-07,2024-12-28,29,98.0,116.0,185.0,251.0,333.0,489.0,550.0
2024-12-07,2024-12-28,30,3.0,7.0,23.0,39.0,59.0,94.0,107.0
2024-12-07,2024-12-28,31,0.0,0.0,8.0,16.0,27.0,46.0,53.0
2024-12-07,2024-12-28,32,78.0,86.0,115.0,139.0,168.0,217.0,235.0
2024-12-07,2024-12-28,33,16.0,19.0,28.0,36.0,43.0,55.0,58.0
2024-12-07,2024-12-28,34,25.0,33.0,70.0,110.0,167.0,287.0,338.0
2024-12-07,2024-12-28,35,53.0,64.0,112.0,159.0,221.0,341.0,390.0
2024-12-07,2024-12-28,36,69.0,119.0,289.0,416.0,549.0,748.0,814.0
2024-12-07,2024-12-28,37,35.0,49.0,124.0,214.0,351.0,661.0,799.0
2024-12-07,2024-12-28,38,7.0,8.0,14.0,19.0,26.0,38.0,43.0
2024-12-07,2024-12-28,39,0.0,22.0,132.0,221.0,315.0,460.0,508.0
2024-12-07,2024-12-28,40,33.0,40.0,68.0,96.0,131.0,201.0,229.0
2024-12-07,2024-12-28,41,196.0,207.0,242.0,268.0,295.0,336.0,349.0
2024-12-07,2024-12-28,42,130.0,152.0,230.0,294.0,366.0,483.0,524.0
2024-12-07,2024-12-28,44,3.0,4.0,8.0,12.0,18.0,31.0,36.0
2024-12-07,2024-12-28,45,10.0,13.0,32.0,53.0,84.0,152.0,182.0
2024-12-07,2024-12-28,46,6.0,8.0,15.0,23.0,32.0,52.0,60.0
2024-12-07,2024-12-28,47,34.0,41.0,69.0,97.0,133.0,203.0,231.0
2024-12-07,2024-12-28,48,606.0,640.0,754.0,842.0,939.0,1093.0,1147.0
2024-12-07,2024-12-28,49,19.0,23.0,37.0,49.0,61.0,81.0,88.0
2024-12-07,2024-12-28,50,6.0,8.0,12.0,16.0,21.0,29.0,32.0
2024-12-07,2024-12-28,51,107.0,123.0,184.0,238.0,305.0,426.0,472.0
2024-12-07,2024-12-28,53,143.0,156.0,203.0,240.0,281.0,347.0,371.0
2024-12-07,2024-12-28,54,3.0,5.0,13.0,23.0,38.0,71.0,86.0
2024-12-07,2024-12-28,55,44.0,54.0,87.0,113.0,141.0,186.0,202.0
2024-12-07,2024-12-28,56,0.0,1.0,4.0,8.0,15.0,32.0,40.0
2024-12-07,2024-12-28,72,35.0,39.0,54.0,67.0,82.0,107.0,117.0
2024-12-07,2024-12-28,US,3890.0,4409.0,6361.0,8085.0,10164.0,13883.0,15301.0
2024-12-14,2024-12-14,01,83.0,87.0,102.0,112.0,124.0,143.0,149.0
2024-12-14,2024-12-14,02,8.0,9.0,12.0,15.0,17.0,20.0,22.0
2024-12-14,2024-12-14,04,721.0,753.0,858.0,937.0,1022.0,1155.0,1201.0
2024-12-14,2024-12-14,05,17.0,19.0,25.0,30.0,36.0,46.0,49.0
2024-12-14,2024-12-14,06,1057.0,1087.0,1184.0,1254.0,1327.0,1436.0,1472.0
2024-12-14,2024-12-14,08,73.0,77.0,91.0,102.0,113.0,131.0,137.0
2024-12-14,2024-12-14,09,11.0,13.0,22.0,30.0,38.0,51.0,56.0
2024-12-14,2024-12-14,10,9.0,10.0,15.0,20.0,25.0,35.0,38.0
2024-12-14,2024-12-14,11,1.0,1.0,3.0,4.0,6.0,9.0,10.0
2024-12-14,2024-12-14,12,625.0,641.0,692.0,730.0,769.0,828.0,848.0
2024-12-14,2024-12-14,13,72.0,78.0,97.0,112.0,129.0,157.0,168.0
2024-12-14,2024-12-14,15,8.0,10.0,15.0,19.0,23.0,28.0,30.0
2024-12-14,2024-12-14,16,61.0,65.0,79.0,89.0,101.0,119.0,125.0
2024-12-14,2024-12-14,17,119.0,124.0,139.0,150.0,162.0,178.0,184.0
2024-12-14,2024-12-14,18,63.0,68.0,86.0,99.0,112.0,131.0,137.0
2024-12-14,2024-12-14,19,0.0,0.0,9.0,19.0,29.0,44.0,49.0
2024-12-14,2024-12-14,20,22.0,24.0,33.0,40.0,48.0,61.0,66.0
2024-12-14,2024-12-14,21,19.0,25.0,47.0,64.0,81.0,106.0,115.0
2024-12-14,2024-12-14,22,115.0,121.0,139.0,153.0,168.0,192.0,200.0
2024-12-14,2024-12-14,23,2.0,2.0,4.0,6.0,8.0,12.0,13.0
2024-12-14,2024-12-14,24,27.0,30.0,38.0,44.0,52.0,64.0,68.0
2024-12-14,2024-12-14,25,80.0,84.0,98.0,108.0,119.0,137.0,143.0
2024-12-14,2024-12-14,26,72.0,78.0,97.0,112.0,128.0,154.0,164.0
2024-12-14,2024-12-14,27,56.0,60.0,72.0,82.0,92.0,106.0,111.0
2024-12-14,2024-12-14,28,33.0,36.0,45.0,52.0,60.0,73.0,77.0
2024-12-14,2024-12-14,29,53.0,58.0,75.0,89.0,104.0,129.0,138.0
2024-12-14,2024-12-14,30,2.0,3.0,7.0,10.0,15.0,23.0,26.0
2024-12-14,2024-12-14,31,5.0,6.0,10.0,13.0,16.0,22.0,24.0
2024-12-14,2024-12-14,32,81.0,84.0,94.0,102.0,110.0,121.0,125.0
2024-12-14,2024-12-14,33,10.0,11.0,15.0,18.0,21.0,25.0,26.0
2024-12-14,2024-12-14,34,83.0,89.0,110.0,127.0,144.0,171.0,180.0
2024-12-14,2024-12-14,35,96.0,101.0,114.0,124.0,133.0,148.0,153.0
2024-12-14,2024-12-14,36,228.0,245.0,298.0,334.0,371.0,425.0,442.0
2024-12-14,2024-12-14,37,63.0,70.0,93.0,112.0,135.0,173.0,187.0
2024-12-14,2024-12-14,38,2.0,3.0,5.0,7.0,9.0,12.0,13.0
2024-12-14,2024-12-14,39,62.0,69.0,91.0,108.0,127.0,156.0,165.0
2024-12-14,2024-12-14,40,17.0,22.0,39.0,52.0,67.0,90.0,99.0
2024-12-14,2024-12-14,41,78.0,82.0,95.0,105.0,115.0,129.0,134.0
2024-12-14,2024-12-14,42,147.0,157.0,191.0,216.0,244.0,287.0,302.0
2024-12-14,2024-12-14,44,5.0,6.0,8.0,10.0,13.0,16.0,18.0
2024-12-14,2024-12-14,45,36.0,39.0,48.0,56.0,65.0,80.0,85.0
2024-12-14,2024-12-14,46,0.0,1.0,4.0,6.0,9.0,15.0,16.0
2024-12-14,2024-12-14,47,91.0,95.0,111.0,124.0,137.0,158.0,165.0
2024-12-14,2024-12-14,48,466.0,482.0,531.0,568.0,607.0,666.0,687.0
2024-12-14,2024-12-14,49,47.0,50.0,59.0,66.0,74.0,85.0,89.0
2024-12-14,2024-12-14,50,0.0,0.0,2.0,3.0,4.0,7.0,7.0
2024-12-14,2024-12-14,51,68.0,72.0,84.0,93.0,103.0,119.0,124.0
2024-12-14,2024-12-14,53,58.0,63.0,80.0,93.0,107.0,129.0,137.0
2024-12-14,2024-12-14,54,9.0,11.0,15.0,18.0,22.0,29.0,31.0
2024-12-14,2024-12-14,55,29.0,32.0,42.0,50.0,58.0,71.0,75.0
2024-12-14,2024-12-14,56,2.0,3.0,6.0,8.0,11.0,17.0,19.0
2024-12-14,2024-12-14,72,56.0,59.0,69.0,78.0,86.0,101.0,106.0
2024-12-14,2024-12-14,US,6123.0,6263.0,6701.0,7014.0,7333.0,7803.0,7959.0
2024-12-14,2024-12-21,01,77.0,85.0,114.0,139.0,168.0,218.0,237.0
2024-12-14,2024-12-21,02,4.0,5.0,11.0,16.0,23.0,37.0,43.0
2024-12-14,2024-12-21,04,503.0,554.0,735.0,886.0,1061.0,1361.0,1471.0
2024-12-14,2024-12-21,05,21.0,24.0,39.0,52.0,67.0,94.0,104.0
2024-12-14,2024-12-21,06,1241.0,1280.0,1402.0,1489.0,1577.0,1707.0,1750.0
2024-12-14,2024-12-21,08,63.0,69.0,90.0,107.0,127.0,161.0,173.0
2024-12-14,2024-12-21,09,26.0,30.0,46.0,60.0,76.0,104.0,114.0
2024-12-14,2024-12-21,10,13.0,14.0,20.0,25.0,31.0,41.0,45.0
2024-12-14,2024-12-21,11,2.0,2.0,5.0,8.0,12.0,19.0,22.0
2024-12-14,2024-12-21,12,612.0,645.0,757.0,842.0,933.0,1077.0,1127.0
2024-12-14,2024-12-21,13,48.0,56.0,90.0,120.0,159.0,231.0,260.0
2024-12-14,2024-12-21,15,11.0,13.0,20.0,25.0,30.0,39.0,41.0
2024-12-14,2024-12-21,16,96.0,102.0,120.0,134.0,148.0,168.0,175.0
2024-12-14,2024-12-21,17,128.0,139.0,178.0,206.0,236.0,281.0,296.0
2024-12-14,2024-12-21,18,38.0,46.0,77.0,100.0,126.0,167.0,181.0
2024-12-14,2024-12-21,19,0.0,0.0,3.0,19.0,36.0,59.0,67.0
2024-12-14,2024-12-21,20,23.0,27.0,43.0,57.0,74.0,107.0,120.0
2024-12-14,2024-12-21,21,20.0,24.0,42.0,57.0,75.0,106.0,117.0
2024-12-14,2024-12-21,22,133.0,142.0,176.0,202.0,232.0,280.0,297.0
2024-12-14,2024-12-21,23,2.0,2.0,5.0,7.0,11.0,17.0,19.0
2024-12-14,2024-12-21,24,24.0,28.0,44.0,58.0,75.0,107.0,119.0
2024-12-14,2024-12-21,25,69.0,76.0,99.0,119.0,141.0,179.0,193.0
2024-12-14,2024-12-21,26,60.0,69.0,101.0,130.0,164.0,223.0,246.0
2024-12-14,2024-12-21,27,37.0,43.0,63.0,79.0,97.0,125.0,135.0
2024-12-14,2024-12-21,28,31.0,35.0,51.0,65.0,81.0,110.0,121.0
2024-12-14,2024-12-21,29,57.0,66.0,99.0,129.0,165.0,232.0,258.0
2024-12-14,2024-12-21,30,3.0,5.0,13.0,20.0,30.0,46.0,52.0
2024-12-14,2024-12-21,31,0.0,0.0,11.0,19.0,28.0,41.0,46.0
2024-12-14,2024-12-21,32,83.0,90.0,112.0,130.0,150.0,184.0,196.0
2024-12-14,2024-12-21,33,9.0,11.0,16.0,20.0,24.0,32.0,34.0
2024-12-14,2024-12-21,34,55.0,63.0,90.0,113.0,140.0,186.0,203.0
2024-12-14,2024-12-21,35,115.0,124.0,153.0,174.0,196.0,231.0,243.0
2024-12-14,2024-12-21,36,164.0,197.0,303.0,381.0,460.0,578.0,618.0
2024-12-14,2024-12-21,37,87.0,102.0,159.0,213.0,280.0,405.0,454.0
2024-12-14,2024-12-21,38,3.0,4.0,7.0,10.0,14.0,22.0,26.0
2024-12-14,2024-12-21,39,76.0,89.0,136.0,175.0,220.0,294.0,320.0
2024-12-14,2024-12-21,40,12.0,18.0,42.0,64.0,91.0,139.0,156.0
2024-12-14,2024-12-21,41,124.0,130.0,149.0,162.0,175.0,194.0,201.0
2024-12-14,2024-12-21,42,166.0,180.0,229.0,269.0,314.0,388.0,415.0
2024-12-14,2024-12-21,44,4.0,5.0,9.0,11.0,15.0,20.0,22.0
2024-12-14,2024-12-21,45,25.0,29.0,47.0,63.0,84.0,123.0,138.0
2024-12-14,2024-12-21,46,5.0,6.0,11.0,15.0,20.0,29.0,33.0
2024-12-14,2024-12-21,47,80.0,87.0,116.0,139.0,166.0,212.0,229.0
2024-12-14,2024-12-21,48,599.0,625.0,710.0,774.0,842.0,949.0,986.0
2024-12-14,2024-12-21,49,43.0,47.0,57.0,64.0,72.0,84.0,88.0
2024-12-14,2024-12-21,50,1.0,3.0,6.0,9.0,12.0,16.0,18.0
2024-12-14,2024-12-21,51,78.0,85.0,112.0,135.0,161.0,205.0,221.0
2024-12-14,2024-12-21,53,122.0,135.0,178.0,213.0,251.0,313.0,335.0
2024-12-14,2024-12-21,54,7.0,9.0,16.0,23.0,32.0,49.0,56.0
2024-12-14,2024-12-21,55,47.0,53.0,70.0,82.0,96.0,116.0,123.0
2024-12-14,2024-12-21,56,1.0,2.0,6.0,11.0,17.0,28.0,32.0
2024-12-14,2024-12-21,72,45.0,49.0,64.0,76.0,91.0,114.0,123.0
2024-12-14,2024-12-21,US,6467.0,6817.0,7967.0,8831.0,9751.0,11174.0,11661.0
2024-12-14,2024-12-28,01,74.0,85.0,126.0,162.0,206.0,286.0,316.0
2024-12-14,2024-12-28,02,4.0,5.0,9.0,14.0,20.0,33.0,38.0
2024-12-14,2024-12-28,04,353.0,409.0,628.0,829.0,1079.0,1539.0,1719.0
2024-12-14,2024-12-28,05,13.0,22.0,54.0,83.0,116.0,170.0,189.0
2024-12-14,2024-12-28,06,1108.0,1171.0,1385.0,1548.0,1725.0,2004.0,2102.0
2024-12-14,2024-12-28,08,55.0,64.0,97.0,125.0,157.0,210.0,229.0
2024-12-14,2024-12-28,09,6.0,10.0,24.0,36.0,50.0,72.0,80.0
2024-12-14,2024-12-28,10,12.0,14.0,21.0,28.0,36.0,52.0,58.0
2024-12-14,2024-12-28,11,3.0,4.0,9.0,15.0,21.0,34.0,39.0
2024-12-14,2024-12-28,12,607.0,648.0,786.0,895.0,1017.0,1214.0,1284.0
2024-12-14,2024-12-28,13,28.0,37.0,81.0,129.0,198.0,346.0,409.0
2024-12-14,2024-12-28,15,10.0,13.0,21.0,30.0,40.0,61.0,69.0
2024-12-14,2024-12-28,16,62.0,69.0,95.0,117.0,141.0,182.0,197.0
2024-12-14,2024-12-28,17,115.0,133.0,195.0,248.0,309.0,413.0,451.0
2024-12-14,2024-12-28,18,8.0,15.0,47.0,76.0,111.0,170.0,191.0
2024-12-14,2024-12-28,19,0.0,0.0,1.0,14.0,33.0,64.0,75.0
2024-12-14,2024-12-28,20,36.0,42.0,66.0,89.0,117.0,171.0,192.0
2024-12-14,2024-12-28,21,9.0,14.0,34.0,53.0,75.0,111.0,124.0
2024-12-14,2024-12-28,22,94.0,105.0,146.0,182.0,223.0,296.0,323.0
2024-12-14,2024-12-28,23,0.0,0.0,4.0,9.0,16.0,28.0,32.0
2024-12-14,2024-12-28,24,24.0,30.0,53.0,76.0,106.0,166.0,190.0
2024-12-14,2024-12-28,25,57.0,66.0,97.0,125.0,160.0,222.0,246.0
2024-12-14,2024-12-28,26,50.0,59.0,94.0,128.0,170.0,248.0,279.0
2024-12-14,2024-12-28,27,28.0,36.0,62.0,82.0,104.0,139.0,151.0
2024-12-14,2024-12-28,28,35.0,41.0,64.0,84.0,110.0,157.0,175.0
2024-12-14,2024-12-28,29,80.0,94.0,151.0,205.0,272.0,399.0,449.0
2024-12-14,2024-12-28,30,3.0,6.0,22.0,36.0,52.0,78.0,87.0
2024-12-14,2024-12-28,31,2.0,4.0,11.0,19.0,28.0,45.0,52.0
2024-12-14,2024-12-28,32,72.0,79.0,106.0,128.0,155.0,200.0,217.0
2024-12-14,2024-12-28,33,15.0,17.0,24.0,30.0,36.0,45.0,48.0
2024-12-14,2024-12-28,34,32.0,39.0,70.0,102.0,144.0,226.0,260.0
2024-12-14,2024-12-28,35,68.0,79.0,120.0,157.0,203.0,288.0,321.0
2024-12-14,2024-12-28,36,145.0,196.0,355.0,466.0,577.0,737.0,789.0
2024-12-14,2024-12-28,37,64.0,82.0,163.0,250.0,370.0,619.0,724.0
2024-12-14,2024-12-28,38,6.0,7.0,12.0,16.0,21.0,31.0,35.0
2024-12-14,2024-12-28,39,69.0,91.0,173.0,241.0,317.0,439.0,482.0
2024-12-14,2024-12-28,40,23.0,29.0,52.0,75.0,106.0,166.0,191.0
2024-12-14,2024-12-28,41,119.0,128.0,156.0,177.0,200.0,236.0,249.0
2024-12-14,2024-12-28,42,167.0,186.0,255.0,313.0,378.0,488.0,528.0
2024-12-14,2024-12-28,44,4.0,5.0,9.0,12.0,16.0,24.0,27.0
2024-12-14,2024-12-28,45,20.0,25.0,49.0,73.0,106.0,173.0,201.0
2024-12-14,2024-12-28,46,4.0,6.0,13.0,19.0,27.0,40.0,45.0
2024-12-14,2024-12-28,47,96.0,108.0,153.0,193.0,241.0,326.0,358.0
2024-12-14,2024-12-28,48,714.0,753.0,883.0,984.0,1094.0,1269.0,1330.0
2024-12-14,2024-12-28,49,32.0,37.0,53.0,66.0,80.0,103.0,111.0
2024-12-14,2024-12-28,50,6.0,7.0,11.0,14.0,19.0,26.0,29.0
2024-12-14,2024-12-28,51,104.0,117.0,166.0,209.0,261.0,353.0,387.0
2024-12-14,2024-12-28,53,160.0,175.0,228.0,270.0,316.0,390.0,416.0
2024-12-14,2024-12-28,54,6.0,9.0,19.0,30.0,46.0,79.0,93.0
2024-12-14,2024-12-28,55,43.0,53.0,84.0,107.0,130.0,164.0,175.0
2024-12-14,2024-12-28,56,1.0,1.0,4.0,9.0,15.0,29.0,36.0
2024-12-14,2024-12-28,72,38.0,43.0,60.0,74.0,91.0,121.0,132.0
2024-12-14,2024-12-28,US,5802.0,6347.0,8290.0,9900.0,11752.0,14891.0,16044.0
2024-12-14,2025-01-04,01,63.0,74.0,117.0,158.0,209.0,304.0,341.0
2024-12-14,2025-01-04,02,4.0,5.0,10.0,15.0,22.0,34.0,39.0
2024-12-14,2025-01-04,04,251.0,303.0,519.0,730.0,1006.0,1541.0,1757.0
2024-12-14,2025-01-04,05,0.0,9.0,58.0,102.0,151.0,230.0,257.0
2024-12-14,2025-01-04,06,886.0,958.0,1194.0,1374.0,1566.0,1865.0,1968.0
2024-12-14,2025-01-04,08,54.0,65.0,106.0,142.0,184.0,254.0,280.0
2024-12-14,2025-01-04,09,73.0,81.0,113.0,139.0,169.0,220.0,238.0
2024-12-14,2025-01-04,10,8.0,10.0,18.0,25.0,34.0,51.0,58.0
2024-12-14,2025-01-04,11,2.0,3.0,8.0,13.0,20.0,34.0,40.0
2024-12-14,2025-01-04,12,593.0,640.0,795.0,911.0,1033.0,1219.0,1282.0
2024-12-14,2025-01-04,13,31.0,42.0,91.0,147.0,228.0,401.0,476.0
2024-12-14,2025-01-04,15,10.0,12.0,22.0,30.0,39.0,54.0,59.0
2024-12-14,2025-01-04,16,48.0,56.0,85.0,111.0,142.0,197.0,218.0
2024-12-14,2025-01-04,17,139.0,162.0,240.0,297.0,357.0,446.0,476.0
2024-12-14,2025-01-04,18,27.0,32.0,53.0,72.0,97.0,144.0,163.0
2024-12-14,2025-01-04,19,3.0,4.0,9.0,16.0,26.0,46.0,55.0
2024-12-14,2025-01-04,20,38.0,45.0,72.0,98.0,131.0,193.0,217.0
2024-12-14,2025-01-04,21,20.0,23.0,38.0,52.0,70.0,104.0,118.0
2024-12-14,2025-01-04,22,97.0,109.0,156.0,196.0,245.0,331.0,363.0
2024-12-14,2025-01-04,23,0.0,0.0,2.0,8.0,15.0,29.0,33.0
2024-12-14,2025-01-04,24,26.0,31.0,56.0,81.0,114.0,178.0,204.0
2024-12-14,2025-01-04,25,53.0,62.0,100.0,136.0,182.0,268.0,302.0
2024-12-14,2025-01-04,26,21.0,28.0,63.0,102.0,158.0,281.0,334.0
2024-12-14,2025-01-04,27,29.0,37.0,70.0,99.0,134.0,196.0,220.0
2024-12-14,2025-01-04,28,40.0,47.0,73.0,96.0,126.0,180.0,201.0
2024-12-14,2025-01-04,29,97.0,114.0,182.0,247.0,329.0,483.0,544.0
2024-12-14,2025-01-04,30,4.0,7.0,24.0,40.0,61.0,96.0,110.0
2024-12-14,2025-01-04,31,0.0,0.0,7.0,16.0,26.0,44.0,51.0
2024-12-14,2025-01-04,32,71.0,78.0,105.0,128.0,155.0,201.0,218.0
2024-12-14,2025-01-04,33,12.0,15.0,24.0,31.0,39.0,50.0,54.0
2024-12-14,2025-01-04,34,22.0,29.0,63.0,100.0,153.0,265.0,313.0
2024-12-14,2025-01-04,35,66.0,80.0,136.0,191.0,261.0,398.0,453.0
2024-12-14,2025-01-04,36,308.0,367.0,557.0,694.0,835.0,1044.0,1113.0
2024-12-14,2025-01-04,37,35.0,50.0,124.0,215.0,352.0,664.0,802.0
2024-12-14,2025-01-04,38,7.0,8.0,13.0,18.0,25.0,37.0,41.0
2024-12-14,2025-01-04,39,56.0,92.0,216.0,311.0,410.0,559.0,609.0
2024-12-14,2025-01-04,40,31.0,37.0,64.0,90.0,125.0,192.0,219.0
2024-12-14,2025-01-04,41,197.0,208.0,243.0,269.0,296.0,337.0,350.0
2024-12-14,2025-01-04,42,243.0,273.0,375.0,455.0,543.0,684.0,733.0
2024-12-14,2025-01-04,44,2.0,3.0,6.0,10.0,16.0,27.0,32.0
2024-12-14,2025-01-04,45,15.0,20.0,43.0,70.0,109.0,191.0,227.0
2024-12-14,2025-01-04,46,8.0,11.0,19.0,28.0,40.0,63.0,73.0
2024-12-14,2025-01-04,47,91.0,106.0,164.0,218.0,285.0,409.0,457.0
2024-12-14,2025-01-04,48,664.0,701.0,823.0,918.0,1021.0,1186.0,1243.0
2024-12-14,2025-01-04,49,32.0,37.0,54.0,67.0,80.0,102.0,109.0
2024-12-14,2025-01-04,50,7.0,9.0,13.0,18.0,22.0,31.0,34.0
2024-12-14,2025-01-04,51,110.0,126.0,187.0,242.0,310.0,432.0,480.0
2024-12-14,2025-01-04,53,134.0,147.0,192.0,228.0,268.0,332.0,355.0
2024-12-14,2025-01-04,54,4.0,6.0,16.0,28.0,45.0,83.0,100.0
2024-12-14,2025-01-04,55,65.0,76.0,113.0,142.0,172.0,220.0,236.0
2024-12-14,2025-01-04,56,0.0,1.0,4.0,9.0,16.0,33.0,41.0
2024-12-14,2025-01-04,72,35.0,39.0,54.0,66.0,81.0,107.0,117.0
2024-12-14,2025-01-04,US,5084.0,5725.0,8112.0,10196.0,12688.0,17105.0,18778.0
2024-12-21,2024-12-21,01,185.0,193.0,219.0,239.0,261.0,294.0,306.0
2024-12-21,2024-12-21,02,15.0,17.0,20.0,22.0,25.0,28.0,29.0
2024-12-21,2024-12-21,04,783.0,817.0,928.0,1013.0,1103.0,1245.0,1294.0
2024-12-21,2024-12-21,05,42.0,45.0,57.0,66.0,76.0,93.0,99.0
2024-12-21,2024-12-21,06,1329.0,1364.0,1475.0,1555.0,1637.0,1760.0,1801.0
2024-12-21,2024-12-21,08,106.0,111.0,129.0,142.0,157.0,179.0,186.0
2024-12-21,2024-12-21,09,16.0,18.0,29.0,37.0,46.0,60.0,65.0
2024-12-21,2024-12-21,10,9.0,11.0,16.0,21.0,26.0,36.0,39.0
2024-12-21,2024-12-21,11,4.0,5.0,8.0,10.0,12.0,17.0,18.0
2024-12-21,2024-12-21,12,750.0,768.0,828.0,871.0,916.0,984.0,1007.0
2024-12-21,2024-12-21,13,176.0,187.0,224.0,254.0,287.0,339.0,358.0
2024-12-21,2024-12-21,15,18.0,20.0,26.0,30.0,34.0,39.0,41.0
2024-12-21,2024-12-21,16,67.0,71.0,85.0,97.0,109.0,128.0,135.0
2024-12-21,2024-12-21,17,283.0,290.0,309.0,323.0,338.0,358.0,365.0
2024-12-21,2024-12-21,18,139.0,146.0,166.0,180.0,194.0,216.0,222.0
2024-12-21,2024-12-21,19,5.0,9.0,24.0,35.0,45.0,60.0,65.0
2024-12-21,2024-12-21,20,65.0,70.0,87.0,101.0,116.0,141.0,150.0
2024-12-21,2024-12-21,21,51.0,59.0,83.0,101.0,119.0,146.0,155.0
2024-12-21,2024-12-21,22,206.0,215.0,243.0,265.0,288.0,324.0,337.0
2024-12-21,2024-12-21,23,2.0,3.0,5.0,7.0,10.0,14.0,15.0
2024-12-21,2024-12-21,24,60.0,64.0,78.0,90.0,103.0,123.0,130.0
2024-12-21,2024-12-21,25,112.0,117.0,135.0,148.0,162.0,185.0,193.0
2024-12-21,2024-12-21,26,151.0,160.0,190.0,214.0,239.0,279.0,293.0
2024-12-21,2024-12-21,27,118.0,123.0,139.0,151.0,163.0,180.0,186.0
2024-12-21,2024-12-21,28,56.0,60.0,73.0,83.0,95.0,113.0,120.0
2024-12-21,2024-12-21,29,81.0,88.0,110.0,128.0,148.0,180.0,191.0
2024-12-21,2024-12-21,30,4.0,5.0,10.0,14.0,19.0,28.0,31.0
2024-12-21,2024-12-21,31,14.0,15.0,20.0,24.0,28.0,35.0,37.0
2024-12-21,2024-12-21,32,86.0,89.0,100.0,108.0,115.0,127.0,131.0
2024-12-21,2024-12-21,33,16.0,17.0,21.0,24.0,27.0,32.0,33.0
2024-12-21,2024-12-21,34,163.0,172.0,201.0,223.0,246.0,282.0,294.0
2024-12-21,2024-12-21,35,92.0,96.0,109.0,118.0,128.0,142.0,147.0
2024-12-21,2024-12-21,36,419.0,436.0,490.0,528.0,565.0,620.0,638.0
2024-12-21,2024-12-21,37,134.0,145.0,186.0,220.0,257.0,321.0,344.0
2024-12-21,2024-12-21,38,1.0,2.0,3.0,5.0,7.0,10.0,11.0
2024-12-21,2024-12-21,39,125.0,134.0,163.0,185.0,208.0,244.0,256.0
2024-12-21,2024-12-21,40,32.0,38.0,57.0,73.0,89.0,115.0,124.0
2024-12-21,2024-12-21,41,187.0,193.0,210.0,223.0,236.0,255.0,261.0
2024-12-21,2024-12-21,42,226.0,239.0,282.0,314.0,349.0,403.0,422.0
2024-12-21,2024-12-21,44,16.0,18.0,23.0,27.0,31.0,39.0,41.0
2024-12-21,2024-12-21,45,59.0,63.0,77.0,89.0,101.0,122.0,130.0
2024-12-21,2024-12-21,46,5.0,6.0,11.0,14.0,18.0,24.0,26.0
2024-12-21,2024-12-21,47,179.0,187.0,214.0,235.0,257.0,291.0,303.0
2024-12-21,2024-12-21,48,644.0,664.0,728.0,775.0,825.0,901.0,927.0
2024-12-21,2024-12-21,49,65.0,68.0,79.0,87.0,96.0,110.0,115.0
2024-12-21,2024-12-21,50,4.0,5.0,7.0,9.0,11.0,14.0,15.0
2024-12-21,2024-12-21,51,120.0,125.0,143.0,157.0,172.0,196.0,204.0
2024-12-21,2024-12-21,53,204.0,214.0,247.0,271.0,297.0,337.0,351.0
2024-12-21,2024-12-21,54,16.0,18.0,24.0,28.0,33.0,42.0,45.0
2024-12-21,2024-12-21,55,76.0,80.0,95.0,105.0,116.0,133.0,138.0
2024-12-21,2024-12-21,56,18.0,20.0,28.0,34.0,42.0,55.0,59.0
2024-12-21,2024-12-21,72,115.0,120.0,139.0,153.0,168.0,192.0,200.0
2024-12-21,2024-12-21,US,9353.0,9522.0,10052.0,10428.0,10810.0,11372.0,11557.0
2024-12-21,2024-12-28,01,136.0,149.0,194.0,232.0,275.0,348.0,374.0
2024-12-21,2024-12-28,02,6.0,8.0,14.0,21.0,30.0,46.0,53.0
2024-12-21,2024-12-28,04,536.0,589.0,778.0,937.0,1120.0,1432.0,1547.0
2024-12-21,2024-12-28,05,62.0,70.0,97.0,120.0,146.0,189.0,205.0
2024-12-21,2024-12-28,06,1376.0,1416.0,1542.0,1632.0,1723.0,1856.0,1901.0
2024-12-21,2024-12-28,08,103.0,111.0,142.0,167.0,195.0,242.0,259.0
2024-12-21,2024-12-28,09,28.0,32.0,49.0,63.0,80.0,108.0,119.0
2024-12-21,2024-12-28,10,14.0,16.0,22.0,27.0,33.0,44.0,48.0
2024-12-21,2024-12-28,11,5.0,6.0,11.0,15.0,21.0,31.0,34.0
2024-12-21,2024-12-28,12,720.0,758.0,883.0,977.0,1079.0,1238.0,1292.0
2024-12-21,2024-12-28,13,118.0,134.0,198.0,254.0,323.0,448.0,496.0
2024-12-21,2024-12-28,15,16.0,18.0,25.0,31.0,37.0,45.0,48.0
2024-12-21,2024-12-28,16,88.0,94.0,112.0,125.0,139.0,159.0,166.0
2024-12-21,2024-12-28,17,373.0,390.0,444.0,482.0,522.0,582.0,601.0
2024-12-21,2024-12-28,18,107.0,119.0,159.0,189.0,221.0,269.0,285.0
2024-12-21,2024-12-28,19,9.0,17.0,41.0,57.0,74.0,98.0,106.0
2024-12-21,2024-12-28,20,54.0,61.0,90.0,115.0,145.0,200.0,221.0
2024-12-21,2024-12-28,21,45.0,52.0,77.0,98.0,122.0,161.0,175.0
2024-12-21,2024-12-28,22,181.0,193.0,235.0,268.0,305.0,365.0,387.0
2024-12-21,2024-12-28,23,3.0,4.0,7.0,10.0,14.0,21.0,24.0
2024-12-21,2024-12-28,24,51.0,58.0,84.0,107.0,135.0,185.0,204.0
2024-12-21,2024-12-28,25,90.0,98.0,126.0,150.0,177.0,222.0,239.0
2024-12-21,2024-12-28,26,116.0,130.0,181.0,224.0,274.0,360.0,392.0
2024-12-21,2024-12-28,27,88.0,97.0,125.0,146.0,169.0,203.0,215.0
2024-12-21,2024-12-28,28,44.0,49.0,70.0,87.0,108.0,144.0,157.0
2024-12-21,2024-12-28,29,82.0,93.0,136.0,174.0,220.0,303.0,335.0
2024-12-21,2024-12-28,30,6.0,9.0,19.0,28.0,38.0,57.0,64.0
2024-12-21,2024-12-28,31,2.0,6.0,17.0,26.0,35.0,49.0,54.0
2024-12-21,2024-12-28,32,93.0,100.0,124.0,144.0,165.0,201.0,214.0
2024-12-21,2024-12-28,33,21.0,23.0,29.0,35.0,40.0,49.0,52.0
2024-12-21,2024-12-28,34,169.0,185.0,240.0,285.0,334.0,416.0,445.0
2024-12-21,2024-12-28,35,117.0,125.0,154.0,175.0,198.0,233.0,244.0
2024-12-21,2024-12-28,36,343.0,380.0,495.0,577.0,661.0,785.0,826.0
2024-12-21,2024-12-28,37,134.0,155.0,234.0,307.0,396.0,559.0,622.0
2024-12-21,2024-12-28,38,1.0,2.0,4.0,6.0,8.0,14.0,16.0
2024-12-21,2024-12-28,39,103.0,118.0,173.0,217.0,267.0,348.0,377.0
2024-12-21,2024-12-28,40,35.0,44.0,78.0,108.0,143.0,201.0,222.0
2024-12-21,2024-12-28,41,280.0,287.0,307.0,320.0,334.0,354.0,361.0
2024-12-21,2024-12-28,42,242.0,260.0,325.0,376.0,434.0,528.0,562.0
2024-12-21,2024-12-28,44,14.0,15.0,20.0,24.0,29.0,35.0,38.0
2024-12-21,2024-12-28,45,61.0,69.0,103.0,133.0,170.0,237.0,262.0
2024-12-21,2024-12-28,46,13.0,15.0,23.0,29.0,37.0,51.0,56.0
2024-12-21,2024-12-28,47,209.0,225.0,284.0,331.0,384.0,473.0,505.0
2024-12-21,2024-12-28,48,743.0,774.0,874.0,949.0,1030.0,1155.0,1199.0
2024-12-21,2024-12-28,49,50.0,53.0,64.0,72.0,80.0,92.0,96.0
2024-12-21,2024-12-28,50,3.0,5.0,9.0,12.0,15.0,19.0,20.0
2024-12-21,2024-12-28,51,150.0,163.0,207.0,244.0,285.0,354.0,379.0
2024-12-21,2024-12-28,53,224.0,242.0,303.0,351.0,402.0,485.0,514.0
2024-12-21,2024-12-28,54,22.0,25.0,40.0,53.0,69.0,99.0,110.0
2024-12-21,2024-12-28,55,115.0,122.0,144.0,160.0,177.0,201.0,209.0
2024-12-21,2024-12-28,56,15.0,18.0,29.0,39.0,50.0,69.0,76.0
2024-12-21,2024-12-28,72,76.0,82.0,104.0,122.0,143.0,176.0,188.0
2024-12-21,2024-12-28,US,9996.0,10452.0,11935.0,13037.0,14200.0,15981.0,16587.0
2024-12-21,2025-01-04,01,105.0,119.0,171.0,217.0,273.0,372.0,410.0
2024-12-21,2025-01-04,02,6.0,7.0,13.0,20.0,28.0,44.0,50.0
2024-12-21,2025-01-04,04,377.0,437.0,667.0,878.0,1138.0,1619.0,1805.0
2024-12-21,2025-01-04,05,41.0,52.0,95.0,129.0,167.0,229.0,250.0
2024-12-21,2025-01-04,06,1221.0,1289.0,1517.0,1692.0,1880.0,2177.0,2280.0
2024-12-21,2025-01-04,08,95.0,107.0,150.0,186.0,225.0,290.0,313.0
2024-12-21,2025-01-04,09,34.0,40.0,61.0,77.0,95.0,121.0,131.0
2024-12-21,2025-01-04,10,11.0,13.0,21.0,27.0,36.0,51.0,57.0
2024-12-21,2025-01-04,11,4.0,6.0,12.0,17.0,25.0,38.0,44.0
2024-12-21,2025-01-04,12,697.0,742.0,896.0,1018.0,1152.0,1369.0,1446.0
2024-12-21,2025-01-04,13,62.0,79.0,153.0,232.0,340.0,561.0,653.0
2024-12-21,2025-01-04,15,14.0,17.0,27.0,38.0,50.0,75.0,84.0
2024-12-21,2025-01-04,16,60.0,68.0,93.0,114.0,138.0,179.0,193.0
2024-12-21,2025-01-04,17,300.0,331.0,440.0,527.0,625.0,785.0,842.0
2024-12-21,2025-01-04,18,125.0,144.0,209.0,259.0,314.0,400.0,429.0
2024-12-21,2025-01-04,19,7.0,14.0,42.0,64.0,88.0,127.0,140.0
2024-12-21,2025-01-04,20,50.0,59.0,90.0,119.0,154.0,220.0,246.0
2024-12-21,2025-01-04,21,32.0,40.0,68.0,92.0,119.0,161.0,176.0
2024-12-21,2025-01-04,22,140.0,155.0,210.0,257.0,311.0,406.0,441.0
2024-12-21,2025-01-04,23,0.0,0.0,5.0,10.0,17.0,29.0,34.0
2024-12-21,2025-01-04,24,42.0,50.0,85.0,118.0,160.0,242.0,275.0
2024-12-21,2025-01-04,25,93.0,105.0,150.0,190.0,237.0,322.0,354.0
2024-12-21,2025-01-04,26,107.0,123.0,184.0,240.0,308.0,432.0,480.0
2024-12-21,2025-01-04,27,86.0,96.0,130.0,155.0,182.0,222.0,236.0
2024-12-21,2025-01-04,28,45.0,52.0,79.0,103.0,133.0,188.0,209.0
2024-12-21,2025-01-04,29,109.0,127.0,197.0,263.0,345.0,497.0,556.0
2024-12-21,2025-01-04,30,4.0,8.0,25.0,39.0,55.0,82.0,91.0
2024-12-21,2025-01-04,31,7.0,9.0,20.0,29.0,41.0,62.0,69.0
2024-12-21,2025-01-04,32,86.0,94.0,125.0,151.0,181.0,231.0,250.0
2024-12-21,2025-01-04,33,20.0,22.0,30.0,36.0,43.0,52.0,56.0
2024-12-21,2025-01-04,34,120.0,140.0,221.0,297.0,393.0,571.0,641.0
2024-12-21,2025-01-04,35,78.0,90.0,136.0,177.0,228.0,320.0,356.0
2024-12-21,2025-01-04,36,413.0,465.0,625.0,737.0,848.0,1009.0,1061.0
2024-12-21,2025-01-04,37,89.0,112.0,214.0,321.0,466.0,763.0,886.0
2024-12-21,2025-01-04,38,8.0,9.0,14.0,19.0,25.0,36.0,40.0
2024-12-21,2025-01-04,39,143.0,171.0,271.0,350.0,436.0,573.0,620.0
2024-12-21,2025-01-04,40,48.0,57.0,95.0,132.0,179.0,270.0,306.0
2024-12-21,2025-01-04,41,274.0,288.0,331.0,364.0,398.0,450.0,468.0
2024-12-21,2025-01-04,42,278.0,305.0,400.0,477.0,564.0,706.0,757.0
2024-12-21,2025-01-04,44,9.0,11.0,16.0,21.0,28.0,39.0,44.0
2024-12-21,2025-01-04,45,53.0,64.0,110.0,155.0,214.0,329.0,375.0
2024-12-21,2025-01-04,46,13.0,15.0,25.0,34.0,44.0,61.0,67.0
2024-12-21,2025-01-04,47,192.0,213.0,290.0,355.0,432.0,565.0,615.0
2024-12-21,2025-01-04,48,775.0,816.0,955.0,1063.0,1179.0,1365.0,1430.0
2024-12-21,2025-01-04,49,40.0,45.0,63.0,77.0,92.0,117.0,125.0
2024-12-21,2025-01-04,50,7.0,8.0,13.0,17.0,22.0,30.0,33.0
2024-12-21,2025-01-04,51,135.0,152.0,212.0,264.0,326.0,435.0,476.0
2024-12-21,2025-01-04,53,173.0,190.0,245.0,288.0,336.0,412.0,439.0
2024-12-21,2025-01-04,54,19.0,24.0,44.0,66.0,94.0,152.0,175.0
2024-12-21,2025-01-04,55,128.0,139.0,173.0,198.0,222.0,258.0,270.0
2024-12-21,2025-01-04,56,10.0,12.0,25.0,39.0,57.0,96.0,112.0
2024-12-21,2025-01-04,72,64.0,70.0,95.0,115.0,139.0,181.0,196.0
2024-12-21,2025-01-04,US,7865.0,8559.0,11011.0,13024.0,15320.0,19182.0,20591.0
2024-12-21,2025-01-11,01,103.0,119.0,181.0,238.0,308.0,436.0,486.0
2024-12-21,2025-01-11,02,8.0,10.0,17.0,23.0,32.0,49.0,56.0
2024-12-21,2025-01-11,04,287.0,345.0,582.0,814.0,1113.0,1691.0,1924.0
2024-12-21,2025-01-11,05,28.0,44.0,106.0,156.0,210.0,295.0,324.0
2024-12-21,2025-01-11,06,965.0,1040.0,1286.0,1472.0,1671.0,1979.0,2085.0
2024-12-21,2025-01-11,08,89.0,104.0,156.0,200.0,249.0,332.0,362.0
2024-12-21,2025-01-11,09,81.0,90.0,124.0,152.0,184.0,237.0,256.0
2024-12-21,2025-01-11,10,8.0,10.0,17.0,24.0,33.0,50.0,56.0
2024-12-21,2025-01-11,11,3.0,4.0,10.0,16.0,24.0,39.0,45.0
2024-12-21,2025-01-11,12,686.0,736.0,900.0,1021.0,1149.0,1342.0,1408.0
2024-12-21,2025-01-11,13,71.0,91.0,178.0,271.0,399.0,664.0,775.0
2024-12-21,2025-01-11,15,18.0,21.0,33.0,42.0,53.0,70.0,76.0
2024-12-21,2025-01-11,16,50.0,57.0,87.0,114.0,145.0,201.0,222.0
2024-12-21,2025-01-11,17,297.0,325.0,412.0,476.0,541.0,637.0,669.0
2024-12-21,2025-01-11,18,147.0,166.0,237.0,298.0,373.0,505.0,555.0
2024-12-21,2025-01-11,19,24.0,30.0,53.0,77.0,107.0,167.0,192.0
2024-12-21,2025-01-11,20,49.0,57.0,91.0,121.0,160.0,232.0,260.0
2024-12-21,2025-01-11,21,41.0,48.0,73.0,96.0,124.0,176.0,197.0
2024-12-21,2025-01-11,22,122.0,137.0,192.0,239.0,296.0,396.0,433.0
2024-12-21,2025-01-11,23,0.0,1.0,9.0,17.0,26.0,42.0,47.0
2024-12-21,2025-01-11,24,46.0,55.0,92.0,128.0,174.0,263.0,299.0
2024-12-21,2025-01-11,25,76.0,89.0,139.0,185.0,243.0,350.0,392.0
2024-12-21,2025-01-11,26,74.0,92.0,174.0,259.0,374.0,608.0,705.0
2024-12-21,2025-01-11,27,64.0,76.0,122.0,161.0,208.0,286.0,314.0
2024-12-21,2025-01-11,28,54.0,62.0,94.0,123.0,158.0,223.0,248.0
2024-12-21,2025-01-11,29,129.0,151.0,236.0,315.0,414.0,598.0,670.0
2024-12-21,2025-01-11,30,6.0,10.0,28.0,46.0,67.0,105.0,118.0
2024-12-21,2025-01-11,31,4.0,7.0,20.0,31.0,44.0,66.0,74.0
2024-12-21,2025-01-11,32,77.0,85.0,114.0,138.0,167.0,215.0,233.0
2024-12-21,2025-01-11,33,15.0,18.0,28.0,35.0,43.0,54.0,58.0
2024-12-21,2025-01-11,34,97.0,119.0,213.0,306.0,430.0,675.0,775.0
2024-12-21,2025-01-11,35,62.0,75.0,128.0,181.0,249.0,380.0,434.0
2024-12-21,2025-01-11,36,386.0,447.0,641.0,781.0,924.0,1135.0,1205.0
2024-12-21,2025-01-11,37,81.0,108.0,239.0,388.0,602.0,1067.0,1268.0
2024-12-21,2025-01-11,38,7.0,9.0,14.0,19.0,26.0,38.0,43.0
2024-12-21,2025-01-11,39,113.0,152.0,284.0,382.0,484.0,637.0,688.0
2024-12-21,2025-01-11,40,57.0,67.0,109.0,149.0,199.0,294.0,332.0
2024-12-21,2025-01-11,41,263.0,275.0,315.0,344.0,374.0,420.0,435.0
2024-12-21,2025-01-11,42,408.0,446.0,574.0,673.0,779.0,945.0,1003.0
2024-12-21,2025-01-11,44,7.0,9.0,16.0,24.0,34.0,53.0,61.0
2024-12-21,2025-01-11,45,46.0,58.0,110.0,164.0,237.0,386.0,447.0
2024-12-21,2025-01-11,46,13.0,16.0,28.0,39.0,54.0,83.0,95.0
2024-12-21,2025-01-11,47,152.0,174.0,260.0,336.0,430.0,601.0,667.0
2024-12-21,2025-01-11,48,840.0,884.0,1030.0,1143.0,1266.0,1461.0,1529.0
2024-12-21,2025-01-11,49,34.0,39.0,57.0,70.0,84.0,105.0,112.0
2024-12-21,2025-01-11,50,9.0,11.0,16.0,21.0,26.0,35.0,38.0
2024-12-21,2025-01-11,51,128.0,146.0,215.0,276.0,351.0,486.0,538.0
2024-12-21,2025-01-11,53,189.0,205.0,260.0,303.0,350.0,425.0,452.0
2024-12-21,2025-01-11,54,18.0,23.0,47.0,72.0,107.0,181.0,212.0
2024-12-21,2025-01-11,55,98.0,111.0,152.0,184.0,217.0,269.0,286.0
2024-12-21,2025-01-11,56,7.0,10.0,22.0,36.0,56.0,100.0,118.0
2024-12-21,2025-01-11,72,65.0,72.0,95.0,114.0,137.0,176.0,190.0
2024-12-21,2025-01-11,US,6090.0,6829.0,9564.0,11934.0,14753.0,19718.0,21590.0
2024-12-28,2024-12-28,01,314.0,326.0,366.0,396.0,428.0,477.0,494.0
2024-12-28,2024-12-28,02,9.0,10.0,13.0,16.0,18.0,22.0,23.0
2024-12-28,2024-12-28,04,297.0,312.0,365.0,405.0,449.0,519.0,543.0
2024-12-28,2024-12-28,05,55.0,59.0,73.0,84.0,97.0,117.0,124.0
2024-12-28,2024-12-28,06,2092.0,2138.0,2282.0,2385.0,2491.0,2648.0,2701.0
2024-12-28,2024-12-28,08,141.0,147.0,169.0,185.0,202.0,228.0,237.0
2024-12-28,2024-12-28,09,34.0,38.0,51.0,61.0,71.0,88.0,93.0
2024-12-28,2024-12-28,10,22.0,25.0,34.0,42.0,51.0,67.0,73.0
2024-12-28,2024-12-28,11,13.0,14.0,19.0,23.0,27.0,33.0,35.0
2024-12-28,2024-12-28,12,1056.0,1080.0,1158.0,1214.0,1273.0,1362.0,1391.0
2024-12-28,2024-12-28,13,258.0,273.0,324.0,364.0,407.0,476.0,501.0
2024-12-28,2024-12-28,15,27.0,29.0,35.0,39.0,43.0,49.0,51.0
2024-12-28,2024-12-28,16,136.0,143.0,167.0,184.0,203.0,233.0,243.0
2024-12-28,2024-12-28,17,613.0,621.0,646.0,664.0,681.0,707.0,716.0
2024-12-28,2024-12-28,18,244.0,251.0,273.0,289.0,304.0,327.0,335.0
2024-12-28,2024-12-28,19,24.0,29.0,44.0,54.0,65.0,80.0,85.0
2024-12-28,2024-12-28,20,81.0,87.0,108.0,124.0,142.0,170.0,181.0
2024-12-28,2024-12-28,21,174.0,183.0,212.0,233.0,253.0,284.0,293.0
2024-12-28,2024-12-28,22,295.0,306.0,344.0,373.0,403.0,451.0,467.0
2024-12-28,2024-12-28,23,6.0,7.0,10.0,13.0,16.0,22.0,24.0
2024-12-28,2024-12-28,24,76.0,81.0,98.0,112.0,127.0,151.0,160.0
2024-12-28,2024-12-28,25,121.0,127.0,145.0,160.0,175.0,199.0,207.0
2024-12-28,2024-12-28,26,177.0,187.0,221.0,247.0,275.0,319.0,334.0
2024-12-28,2024-12-28,27,244.0,251.0,271.0,286.0,300.0,322.0,329.0
2024-12-28,2024-12-28,28,46.0,50.0,61.0,70.0,80.0,96.0,102.0
2024-12-28,2024-12-28,29,209.0,221.0,264.0,296.0,331.0,387.0,406.0
2024-12-28,2024-12-28,30,18.0,20.0,29.0,37.0,45.0,58.0,63.0
2024-12-28,2024-12-28,31,57.0,59.0,67.0,73.0,79.0,88.0,91.0
2024-12-28,2024-12-28,32,168.0,173.0,186.0,196.0,205.0,220.0,224.0
2024-12-28,2024-12-28,33,12.0,14.0,18.0,21.0,24.0,28.0,29.0
2024-12-28,2024-12-28,34,338.0,351.0,394.0,425.0,457.0,506.0,522.0
2024-12-28,2024-12-28,35,136.0,141.0,156.0,166.0,177.0,193.0,199.0
2024-12-28,2024-12-28,36,775.0,793.0,848.0,887.0,926.0,982.0,1000.0
2024-12-28,2024-12-28,37,184.0,198.0,250.0,292.0,340.0,419.0,448.0
2024-12-28,2024-12-28,38,7.0,8.0,11.0,14.0,17.0,22.0,24.0
2024-12-28,2024-12-28,39,247.0,259.0,298.0,327.0,357.0,402.0,417.0
2024-12-28,2024-12-28,40,43.0,50.0,71.0,87.0,105.0,132.0,142.0
2024-12-28,2024-12-28,41,211.0,216.0,235.0,248.0,261.0,281.0,287.0
2024-12-28,2024-12-28,42,295.0,310.0,360.0,398.0,438.0,501.0,522.0
2024-12-28,2024-12-28,44,10.0,11.0,15.0,17.0,21.0,26.0,28.0
2024-12-28,2024-12-28,45,144.0,153.0,181.0,203.0,228.0,267.0,280.0
2024-12-28,2024-12-28,46,6.0,7.0,12.0,15.0,20.0,26.0,28.0
2024-12-28,2024-12-28,47,314.0,326.0,368.0,400.0,433.0,485.0,503.0
2024-12-28,2024-12-28,48,992.0,1020.0,1110.0,1176.0,1245.0,1351.0,1386.0
2024-12-28,2024-12-28,49,100.0,104.0,119.0,129.0,141.0,158.0,163.0
2024-12-28,2024-12-28,50,5.0,6.0,8.0,10.0,12.0,16.0,17.0
2024-12-28,2024-12-28,51,179.0,187.0,212.0,231.0,251.0,283.0,294.0
2024-12-28,2024-12-28,53,371.0,386.0,432.0,465.0,501.0,554.0,572.0
2024-12-28,2024-12-28,54,33.0,35.0,44.0,51.0,58.0,69.0,73.0
2024-12-28,2024-12-28,55,109.0,114.0,130.0,142.0,155.0,173.0,180.0
2024-12-28,2024-12-28,56,7.0,8.0,12.0,16.0,21.0,29.0,32.0
2024-12-28,2024-12-28,72,14.0,15.0,19.0,22.0,26.0,31.0,33.0
2024-12-28,2024-12-28,US,13031.0,13228.0,13843.0,14278.0,14720.0,15366.0,15579.0
2024-12-28,2025-01-04,01,195.0,212.0,271.0,320.0,375.0,468.0,501.0
2024-12-28,2025-01-04,02,7.0,8.0,15.0,22.0,31.0,48.0,55.0
2024-12-28,2025-01-04,04,225.0,252.0,350.0,435.0,535.0,711.0,777.0
2024-12-28,2025-01-04,05,60.0,68.0,95.0,117.0,142.0,185.0,201.0
2024-12-28,2025-01-04,06,1755.0,1798.0,1934.0,2030.0,2128.0,2271.0,2318.0
2024-12-28,2025-01-04,08,125.0,135.0,171.0,200.0,232.0,286.0,305.0
2024-12-28,2025-01-04,09,49.0,55.0,78.0,97.0,118.0,154.0,167.0
2024-12-28,2025-01-04,10,23.0,26.0,35.0,42.0,51.0,66.0,71.0
2024-12-28,2025-01-04,11,12.0,14.0,22.0,29.0,37.0,52.0,57.0
2024-12-28,2025-01-04,12,832.0,874.0,1011.0,1115.0,1227.0,1400.0,1460.0
2024-12-28,2025-01-04,13,168.0,190.0,273.0,346.0,433.0,589.0,649.0
2024-12-28,2025-01-04,15,28.0,30.0,39.0,45.0,51.0,60.0,63.0
2024-12-28,2025-01-04,16,123.0,130.0,150.0,164.0,179.0,201.0,208.0
2024-12-28,2025-01-04,17,567.0,586.0,648.0,693.0,738.0,805.0,827.0
2024-12-28,2025-01-04,18,302.0,319.0,373.0,412.0,453.0,514.0,534.0
2024-12-28,2025-01-04,19,6.0,14.0,37.0,54.0,71.0,95.0,103.0
2024-12-28,2025-01-04,20,70.0,79.0,113.0,143.0,179.0,244.0,268.0
2024-12-28,2025-01-04,21,180.0,194.0,244.0,282.0,323.0,388.0,411.0
2024-12-28,2025-01-04,22,227.0,241.0,291.0,331.0,374.0,444.0,469.0
2024-12-28,2025-01-04,23,5.0,6.0,11.0,15.0,19.0,28.0,32.0
2024-12-28,2025-01-04,24,88.0,98.0,138.0,172.0,212.0,283.0,309.0
2024-12-28,2025-01-04,25,102.0,111.0,143.0,169.0,198.0,248.0,266.0
2024-12-28,2025-01-04,26,174.0,192.0,259.0,315.0,379.0,487.0,527.0
2024-12-28,2025-01-04,27,205.0,216.0,255.0,283.0,313.0,358.0,373.0
2024-12-28,2025-01-04,28,52.0,58.0,81.0,100.0,123.0,163.0,179.0
2024-12-28,2025-01-04,29,174.0,194.0,270.0,334.0,411.0,546.0,597.0
2024-12-28,2025-01-04,30,17.0,21.0,36.0,48.0,62.0,85.0,93.0
2024-12-28,2025-01-04,31,34.0,38.0,52.0,62.0,72.0,87.0,92.0
2024-12-28,2025-01-04,32,125.0,134.0,165.0,189.0,216.0,260.0,276.0
2024-12-28,2025-01-04,33,18.0,20.0,26.0,31.0,37.0,45.0,48.0
2024-12-28,2025-01-04,34,328.0,353.0,438.0,504.0,577.0,694.0,735.0
2024-12-28,2025-01-04,35,100.0,108.0,135.0,155.0,176.0,209.0,221.0
2024-12-28,2025-01-04,36,816.0,857.0,985.0,1076.0,1168.0,1301.0,1345.0
2024-12-28,2025-01-04,37,171.0,196.0,291.0,377.0,481.0,671.0,744.0
2024-12-28,2025-01-04,38,7.0,9.0,15.0,20.0,27.0,39.0,44.0
2024-12-28,2025-01-04,39,205.0,227.0,302.0,361.0,425.0,528.0,564.0
2024-12-28,2025-01-04,40,61.0,73.0,116.0,151.0,192.0,258.0,282.0
2024-12-28,2025-01-04,41,330.0,337.0,357.0,371.0,385.0,405.0,411.0
2024-12-28,2025-01-04,42,258.0,278.0,346.0,400.0,460.0,559.0,594.0
2024-12-28,2025-01-04,44,8.0,9.0,13.0,17.0,20.0,26.0,28.0
2024-12-28,2025-01-04,45,107.0,121.0,173.0,218.0,272.0,367.0,404.0
2024-12-28,2025-01-04,46,14.0,17.0,25.0,32.0,40.0,55.0,60.0
2024-12-28,2025-01-04,47,282.0,303.0,376.0,435.0,502.0,611.0,650.0
2024-12-28,2025-01-04,48,936.0,972.0,1092.0,1182.0,1278.0,1427.0,1478.0
2024-12-28,2025-01-04,49,78.0,81.0,94.0,102.0,111.0,125.0,129.0
2024-12-28,2025-01-04,50,6.0,8.0,12.0,15.0,18.0,22.0,24.0
2024-12-28,2025-01-04,51,180.0,194.0,246.0,287.0,334.0,412.0,441.0
2024-12-28,2025-01-04,53,302.0,324.0,396.0,452.0,512.0,608.0,641.0
2024-12-28,2025-01-04,54,31.0,36.0,55.0,72.0,92.0,128.0,142.0
2024-12-28,2025-01-04,55,189.0,197.0,222.0,240.0,259.0,287.0,296.0
2024-12-28,2025-01-04,56,2.0,3.0,9.0,14.0,21.0,34.0,39.0
2024-12-28,2025-01-04,72,17.0,19.0,27.0,33.0,41.0,53.0,58.0
2024-12-28,2025-01-04,US,12471.0,12992.0,14681.0,15930.0,17242.0,19242.0,19921.0
2024-12-28,2025-01-11,01,141.0,159.0,224.0,281.0,349.0,469.0,514.0
2024-12-28,2025-01-11,02,8.0,10.0,18.0,26.0,36.0,55.0,63.0
2024-12-28,2025-01-11,04,202.0,238.0,384.0,521.0,695.0,1024.0,1154.0
2024-12-28,2025-01-11,05,51.0,64.0,109.0,145.0,185.0,248.0,270.0
2024-12-28,2025-01-11,06,1382.0,1457.0,1705.0,1894.0,2098.0,2419.0,2530.0
2024-12-28,2025-01-11,08,128.0,142.0,193.0,233.0,278.0,351.0,377.0
2024-12-28,2025-01-11,09,49.0,56.0,79.0,96.0,115.0,144.0,153.0
2024-12-28,2025-01-11,10,15.0,17.0,26.0,34.0,43.0,61.0,68.0
2024-12-28,2025-01-11,11,7.0,9.0,16.0,23.0,32.0,48.0,54.0
2024-12-28,2025-01-11,12,716.0,762.0,920.0,1043.0,1180.0,1402.0,1480.0
2024-12-28,2025-01-11,13,95.0,118.0,218.0,321.0,459.0,738.0,852.0
2024-12-28,2025-01-11,15,22.0,26.0,40.0,54.0,71.0,102.0,114.0
2024-12-28,2025-01-11,16,82.0,90.0,121.0,146.0,174.0,220.0,237.0
2024-12-28,2025-01-11,17,364.0,399.0,520.0,617.0,725.0,900.0,962.0
2024-12-28,2025-01-11,18,256.0,281.0,363.0,425.0,491.0,593.0,628.0
2024-12-28,2025-01-11,19,0.0,3.0,27.0,47.0,70.0,107.0,119.0
2024-12-28,2025-01-11,20,55.0,64.0,97.0,128.0,166.0,235.0,262.0
2024-12-28,2025-01-11,21,150.0,165.0,214.0,250.0,289.0,349.0,370.0
2024-12-28,2025-01-11,22,190.0,209.0,278.0,337.0,404.0,519.0,562.0
2024-12-28,2025-01-11,23,6.0,8.0,17.0,26.0,35.0,51.0,57.0
2024-12-28,2025-01-11,24,67.0,79.0,127.0,173.0,230.0,337.0,380.0
2024-12-28,2025-01-11,25,103.0,116.0,165.0,208.0,258.0,349.0,383.0
2024-12-28,2025-01-11,26,155.0,176.0,257.0,329.0,417.0,574.0,634.0
2024-12-28,2025-01-11,27,153.0,165.0,205.0,234.0,264.0,309.0,324.0
2024-12-28,2025-01-11,28,37.0,43.0,67.0,88.0,114.0,163.0,182.0
2024-12-28,2025-01-11,29,164.0,189.0,286.0,373.0,480.0,676.0,752.0
2024-12-28,2025-01-11,30,11.0,16.0,35.0,51.0,69.0,97.0,107.0
2024-12-28,2025-01-11,31,26.0,31.0,48.0,63.0,80.0,109.0,119.0
2024-12-28,2025-01-11,32,93.0,102.0,135.0,163.0,194.0,248.0,268.0
2024-12-28,2025-01-11,33,13.0,15.0,22.0,27.0,33.0,42.0,45.0
2024-12-28,2025-01-11,34,194.0,224.0,341.0,446.0,577.0,816.0,909.0
2024-12-28,2025-01-11,35,71.0,82.0,125.0,163.0,211.0,298.0,331.0
2024-12-28,2025-01-11,36,787.0,839.0,1000.0,1112.0,1224.0,1385.0,1438.0
2024-12-28,2025-01-11,37,94.0,118.0,225.0,335.0,486.0,792.0,920.0
2024-12-28,2025-01-11,38,10.0,12.0,19.0,25.0,32.0,45.0,50.0
2024-12-28,2025-01-11,39,214.0,247.0,359.0,446.0,540.0,687.0,738.0
2024-12-28,2025-01-11,40,75.0,88.0,140.0,190.0,252.0,369.0,415.0
2024-12-28,2025-01-11,41,299.0,313.0,358.0,392.0,428.0,482.0,500.0
2024-12-28,2025-01-11,42,314.0,344.0,447.0,530.0,622.0,774.0,828.0
2024-12-28,2025-01-11,44,8.0,10.0,15.0,20.0,26.0,37.0,41.0
2024-12-28,2025-01-11,45,79.0,94.0,156.0,215.0,291.0,436.0,493.0
2024-12-28,2025-01-11,46,14.0,17.0,28.0,37.0,47.0,64.0,71.0
2024-12-28,2025-01-11,47,246.0,271.0,364.0,442.0,534.0,690.0,748.0
2024-12-28,2025-01-11,48,877.0,922.0,1075.0,1193.0,1321.0,1524.0,1595.0
2024-12-28,2025-01-11,49,53.0,58.0,78.0,94.0,111.0,138.0,147.0
2024-12-28,2025-01-11,50,9.0,10.0,15.0,19.0,25.0,34.0,37.0
2024-12-28,2025-01-11,51,154.0,172.0,238.0,295.0,362.0,480.0,525.0
2024-12-28,2025-01-11,53,270.0,291.0,362.0,416.0,474.0,567.0,599.0
2024-12-28,2025-01-11,54,29.0,36.0,64.0,92.0,129.0,201.0,231.0
2024-12-28,2025-01-11,55,187.0,198.0,234.0,259.0,284.0,321.0,333.0
2024-12-28,2025-01-11,56,2.0,2.0,7.0,13.0,21.0,40.0,48.0
2024-12-28,2025-01-11,72,8.0,9.0,15.0,19.0,26.0,37.0,41.0
2024-12-28,2025-01-11,US,9276.0,10067.0,12849.0,15122.0,17706.0,22030.0,23603.0
2024-12-28,2025-01-18,01,133.0,152.0,227.0,294.0,377.0,526.0,584.0
2024-12-28,2025-01-18,02,10.0,12.0,21.0,29.0,39.0,59.0,67.0
2024-12-28,2025-01-18,04,128.0,159.0,292.0,428.0,610.0,976.0,1126.0
2024-12-28,2025-01-18,05,46.0,65.0,131.0,183.0,240.0,327.0,357.0
2024-12-28,2025-01-18,06,1093.0,1172.0,1432.0,1628.0,1837.0,2159.0,2269.0
2024-12-28,2025-01-18,08,118.0,135.0,195.0,244.0,299.0,391.0,424.0
2024-12-28,2025-01-18,09,79.0,88.0,122.0,149.0,181.0,233.0,252.0
2024-12-28,2025-01-18,10,10.0,12.0,20.0,28.0,38.0,56.0,64.0
2024-12-28,2025-01-18,11,4.0,6.0,13.0,20.0,29.0,45.0,52.0
2024-12-28,2025-01-18,12,751.0,803.0,972.0,1097.0,1228.0,1427.0,1494.0
2024-12-28,2025-01-18,13,109.0,135.0,253.0,375.0,539.0,871.0,1008.0
2024-12-28,2025-01-18,15,20.0,23.0,35.0,45.0,56.0,74.0,81.0
2024-12-28,2025-01-18,16,57.0,66.0,98.0,127.0,161.0,221.0,244.0
2024-12-28,2025-01-18,17,319.0,347.0,436.0,500.0,566.0,663.0,695.0
2024-12-28,2025-01-18,18,200.0,224.0,313.0,390.0,481.0,642.0,703.0
2024-12-28,2025-01-18,19,18.0,23.0,42.0,62.0,87.0,139.0,160.0
2024-12-28,2025-01-18,20,46.0,54.0,85.0,115.0,152.0,221.0,248.0
2024-12-28,2025-01-18,21,125.0,141.0,198.0,248.0,307.0,412.0,452.0
2024-12-28,2025-01-18,22,150.0,168.0,232.0,287.0,353.0,467.0,509.0
2024-12-28,2025-01-18,23,4.0,6.0,17.0,26.0,37.0,54.0,60.0
2024-12-28,2025-01-18,24,67.0,79.0,128.0,175.0,234.0,345.0,389.0
2024-12-28,2025-01-18,25,97.0,113.0,173.0,227.0,295.0,420.0,468.0
2024-12-28,2025-01-18,26,131.0,161.0,284.0,408.0,571.0,894.0,1025.0
2024-12-28,2025-01-18,27,96.0,112.0,168.0,216.0,270.0,360.0,392.0
2024-12-28,2025-01-18,28,47.0,55.0,84.0,110.0,142.0,202.0,225.0
2024-12-28,2025-01-18,29,152.0,176.0,272.0,360.0,469.0,672.0,751.0
2024-12-28,2025-01-18,30,7.0,11.0,30.0,48.0,70.0,108.0,122.0
2024-12-28,2025-01-18,31,15.0,20.0,36.0,50.0,66.0,91.0,100.0
2024-12-28,2025-01-18,32,75.0,83.0,111.0,135.0,163.0,211.0,229.0
2024-12-28,2025-01-18,33,11.0,14.0,23.0,30.0,38.0,49.0,52.0
2024-12-28,2025-01-18,34,141.0,170.0,292.0,411.0,566.0,868.0,990.0
2024-12-28,2025-01-18,35,54.0,66.0,115.0,163.0,225.0,347.0,397.0
2024-12-28,2025-01-18,36,597.0,661.0,864.0,1009.0,1156.0,1373.0,1445.0
2024-12-28,2025-01-18,37,57.0,78.0,182.0,302.0,480.0,872.0,1044.0
2024-12-28,2025-01-18,38,9.0,10.0,17.0,22.0,30.0,43.0,49.0
2024-12-28,2025-01-18,39,178.0,220.0,357.0,459.0,563.0,719.0,771.0
2024-12-28,2025-01-18,40,85.0,99.0,155.0,208.0,273.0,394.0,442.0
2024-12-28,2025-01-18,41,268.0,280.0,320.0,350.0,380.0,426.0,442.0
2024-12-28,2025-01-18,42,379.0,415.0,539.0,635.0,738.0,900.0,956.0
2024-12-28,2025-01-18,44,7.0,8.0,16.0,23.0,33.0,52.0,60.0
2024-12-28,2025-01-18,45,74.0,91.0,163.0,236.0,332.0,524.0,602.0
2024-12-28,2025-01-18,46,11.0,14.0,25.0,35.0,49.0,76.0,87.0
2024-12-28,2025-01-18,47,181.0,207.0,304.0,391.0,496.0,687.0,760.0
2024-12-28,2025-01-18,48,1040.0,1092.0,1265.0,1398.0,1542.0,1769.0,1849.0
2024-12-28,2025-01-18,49,49.0,54.0,73.0,87.0,102.0,125.0,133.0
2024-12-28,2025-01-18,50,9.0,11.0,16.0,21.0,26.0,35.0,38.0
2024-12-28,2025-01-18,51,141.0,160.0,234.0,300.0,379.0,523.0,578.0
2024-12-28,2025-01-18,53,270.0,290.0,357.0,409.0,465.0,554.0,585.0
2024-12-28,2025-01-18,54,18.0,23.0,46.0,71.0,107.0,180.0,210.0
2024-12-28,2025-01-18,55,126.0,140.0,184.0,218.0,253.0,307.0,326.0
2024-12-28,2025-01-18,56,1.0,2.0,8.0,15.0,25.0,49.0,60.0
2024-12-28,2025-01-18,72,10.0,11.0,17.0,23.0,29.0,41.0,46.0
2024-12-28,2025-01-18,US,8306.0,9250.0,12708.0,15670.0,19158.0,25241.0,27518.0
2025-01-04,2025-01-04,01,340.0,366.0,456.0,527.0,605.0,731.0,776.0
2025-01-04,2025-01-04,02,8.0,9.0,14.0,18.0,22.0,30.0,33.0
2025-01-04,2025-01-04,04,659.0,828.0,1463.0,2007.0,2634.0,3680.0,4056.0
2025-01-04,2025-01-04,05,112.0,117.0,133.0,144.0,155.0,170.0,176.0
2025-01-04,2025-01-04,06,2096.0,2194.0,2519.0,2767.0,3034.0,3454.0,3599.0
2025-01-04,2025-01-04,08,225.0,250.0,339.0,414.0,503.0,656.0,713.0
2025-01-04,2025-01-04,09,68.0,82.0,140.0,197.0,272.0,415.0,473.0
2025-01-04,2025-01-04,10,29.0,33.0,51.0,66.0,86.0,122.0,136.0
2025-01-04,2025-01-04,11,12.0,13.0,19.0,24.0,28.0,34.0,36.0
2025-01-04,2025-01-04,12,1270.0,1337.0,1558.0,1728.0,1912.0,2205.0,2307.0
2025-01-04,2025-01-04,13,462.0,503.0,649.0,768.0,905.0,1134.0,1218.0
2025-01-04,2025-01-04,15,40.0,42.0,49.0,54.0,58.0,65.0,67.0
2025-01-04,2025-01-04,16,193.0,207.0,251.0,284.0,318.0,369.0,386.0
2025-01-04,2025-01-04,17,842.0,879.0,1000.0,1088.0,1179.0,1318.0,1365.0
2025-01-04,2025-01-04,18,317.0,358.0,509.0,634.0,778.0,1021.0,1109.0
2025-01-04,2025-01-04,19,74.0,82.0,113.0,140.0,171.0,225.0,245.0
2025-01-04,2025-01-04,20,151.0,162.0,196.0,221.0,248.0,289.0,304.0
2025-01-04,2025-01-04,21,267.0,296.0,397.0,477.0,565.0,706.0,756.0
2025-01-04,2025-01-04,22,346.0,369.0,441.0,493.0,545.0,622.0,648.0
2025-01-04,2025-01-04,23,10.0,12.0,24.0,35.0,50.0,81.0,94.0
2025-01-04,2025-01-04,24,140.0,146.0,165.0,178.0,193.0,214.0,222.0
2025-01-04,2025-01-04,25,216.0,235.0,302.0,358.0,421.0,527.0,566.0
2025-01-04,2025-01-04,26,328.0,363.0,483.0,581.0,691.0,873.0,938.0
2025-01-04,2025-01-04,27,287.0,331.0,498.0,646.0,822.0,1135.0,1253.0
2025-01-04,2025-01-04,28,111.0,126.0,182.0,232.0,292.0,401.0,442.0
2025-01-04,2025-01-04,29,389.0,428.0,563.0,674.0,800.0,1009.0,1085.0
2025-01-04,2025-01-04,30,55.0,58.0,69.0,77.0,85.0,96.0,100.0
2025-01-04,2025-01-04,31,51.0,59.0,89.0,117.0,151.0,212.0,236.0
2025-01-04,2025-01-04,32,164.0,174.0,206.0,231.0,259.0,303.0,318.0
2025-01-04,2025-01-04,33,26.0,28.0,38.0,47.0,56.0,73.0,79.0
2025-01-04,2025-01-04,34,560.0,592.0,697.0,775.0,856.0,981.0,1023.0
2025-01-04,2025-01-04,35,181.0,191.0,223.0,246.0,269.0,303.0,314.0
2025-01-04,2025-01-04,36,1145.0,1207.0,1414.0,1574.0,1749.0,2026.0,2123.0
2025-01-04,2025-01-04,37,351.0,382.0,489.0,577.0,677.0,844.0,905.0
2025-01-04,2025-01-04,38,11.0,13.0,22.0,31.0,41.0,60.0,67.0
2025-01-04,2025-01-04,39,0.0,98.0,441.0,682.0,923.0,1271.0,1384.0
2025-01-04,2025-01-04,40,140.0,163.0,253.0,337.0,442.0,637.0,713.0
2025-01-04,2025-01-04,41,394.0,414.0,482.0,534.0,590.0,678.0,708.0
2025-01-04,2025-01-04,42,469.0,531.0,766.0,972.0,1221.0,1666.0,1836.0
2025-01-04,2025-01-04,44,20.0,22.0,32.0,41.0,51.0,67.0,74.0
2025-01-04,2025-01-04,45,260.0,276.0,329.0,370.0,414.0,483.0,507.0
2025-01-04,2025-01-04,46,15.0,18.0,30.0,42.0,56.0,84.0,95.0
2025-01-04,2025-01-04,47,411.0,444.0,556.0,639.0,728.0,864.0,911.0
2025-01-04,2025-01-04,48,1368.0,1449.0,1724.0,1938.0,2173.0,2550.0,2683.0
2025-01-04,2025-01-04,49,125.0,137.0,179.0,211.0,245.0,298.0,316.0
2025-01-04,2025-01-04,50,12.0,14.0,18.0,22.0,25.0,31.0,33.0
2025-01-04,2025-01-04,51,335.0,347.0,387.0,417.0,449.0,498.0,515.0
2025-01-04,2025-01-04,53,384.0,411.0,502.0,572.0,649.0,771.0,813.0
2025-01-04,2025-01-04,54,72.0,80.0,108.0,131.0,157.0,198.0,213.0
2025-01-04,2025-01-04,55,159.0,178.0,248.0,308.0,379.0,505.0,552.0
2025-01-04,2025-01-04,56,10.0,15.0,40.0,64.0,94.0,147.0,167.0
2025-01-04,2025-01-04,72,0.0,2.0,11.0,20.0,29.0,46.0,51.0
2025-01-04,2025-01-04,US,17111.0,18320.0,22477.0,25787.0,29477.0,35513.0,37673.0
2025-01-04,2025-01-11,01,151.0,190.0,330.0,440.0,559.0,745.0,809.0
2025-01-04,2025-01-11,02,9.0,12.0,18.0,23.0,28.0,35.0,37.0
2025-01-04,2025-01-11,04,762.0,866.0,1262.0,1613.0,2038.0,2803.0,3096.0
2025-01-04,2025-01-11,05,145.0,150.0,165.0,176.0,187.0,202.0,207.0
2025-01-04,2025-01-11,06,1516.0,1611.0,1932.0,2184.0,2462.0,2909.0,3067.0
2025-01-04,2025-01-11,08,225.0,242.0,301.0,349.0,403.0,491.0,523.0
2025-01-04,2025-01-11,09,64.0,78.0,137.0,196.0,273.0,425.0,486.0
2025-01-04,2025-01-11,10,19.0,23.0,37.0,51.0,68.0,101.0,113.0
2025-01-04,2025-01-11,11,11.0,13.0,21.0,26.0,32.0,40.0,42.0
2025-01-04,2025-01-11,12,924.0,990.0,1218.0,1400.0,1603.0,1935.0,2055.0
2025-01-04,2025-01-11,13,419.0,475.0,662.0,803.0,951.0,1178.0,1254.0
2025-01-04,2025-01-11,15,38.0,40.0,48.0,53.0,58.0,66.0,68.0
2025-01-04,2025-01-11,16,125.0,138.0,182.0,217.0,254.0,314.0,335.0
2025-01-04,2025-01-11,17,523.0,579.0,762.0,899.0,1044.0,1266.0,1341.0
2025-01-04,2025-01-11,18,183.0,229.0,408.0,566.0,753.0,1075.0,1194.0
2025-01-04,2025-01-11,19,70.0,79.0,110.0,136.0,165.0,214.0,232.0
2025-01-04,2025-01-11,20,121.0,133.0,172.0,202.0,235.0,288.0,306.0
2025-01-04,2025-01-11,21,94.0,121.0,237.0,352.0,501.0,783.0,893.0
2025-01-04,2025-01-11,22,276.0,295.0,358.0,408.0,463.0,552.0,583.0
2025-01-04,2025-01-11,23,16.0,19.0,32.0,43.0,58.0,85.0,96.0
2025-01-04,2025-01-11,24,187.0,193.0,211.0,224.0,237.0,255.0,261.0
2025-01-04,2025-01-11,25,292.0,315.0,392.0,451.0,514.0,613.0,647.0
2025-01-04,2025-01-11,26,303.0,337.0,442.0,517.0,592.0,702.0,738.0
2025-01-04,2025-01-11,27,125.0,159.0,310.0,471.0,693.0,1151.0,1342.0
2025-01-04,2025-01-11,28,124.0,139.0,193.0,239.0,294.0,390.0,427.0
2025-01-04,2025-01-11,29,206.0,248.0,417.0,582.0,795.0,1207.0,1372.0
2025-01-04,2025-01-11,30,18.0,23.0,47.0,73.0,110.0,185.0,217.0
2025-01-04,2025-01-11,31,31.0,38.0,70.0,102.0,144.0,229.0,263.0
2025-01-04,2025-01-11,32,116.0,127.0,167.0,199.0,237.0,301.0,324.0
2025-01-04,2025-01-11,33,34.0,37.0,46.0,52.0,60.0,73.0,77.0
2025-01-04,2025-01-11,34,399.0,445.0,594.0,706.0,824.0,1003.0,1063.0
2025-01-04,2025-01-11,35,183.0,189.0,205.0,216.0,228.0,245.0,251.0
2025-01-04,2025-01-11,36,844.0,930.0,1240.0,1501.0,1804.0,2322.0,2515.0
2025-01-04,2025-01-11,37,276.0,310.0,437.0,546.0,677.0,908.0,995.0
2025-01-04,2025-01-11,38,10.0,14.0,26.0,34.0,43.0,57.0,61.0
2025-01-04,2025-01-11,39,0.0,78.0,416.0,653.0,890.0,1233.0,1345.0
2025-01-04,2025-01-11,40,209.0,230.0,303.0,365.0,436.0,557.0,602.0
2025-01-04,2025-01-11,41,408.0,435.0,524.0,593.0,666.0,782.0,822.0
2025-01-04,2025-01-11,42,387.0,442.0,649.0,834.0,1059.0,1466.0,1622.0
2025-01-04,2025-01-11,44,31.0,33.0,39.0,42.0,46.0,52.0,53.0
2025-01-04,2025-01-11,45,197.0,219.0,295.0,355.0,421.0,525.0,562.0
2025-01-04,2025-01-11,46,45.0,46.0,51.0,55.0,59.0,64.0,66.0
2025-01-04,2025-01-11,47,275.0,316.0,448.0,542.0,638.0,779.0,825.0
2025-01-04,2025-01-11,48,1215.0,1312.0,1619.0,1839.0,2064.0,2394.0,2503.0
2025-01-04,2025-01-11,49,68.0,78.0,113.0,143.0,178.0,236.0,258.0
2025-01-04,2025-01-11,50,17.0,19.0,23.0,26.0,29.0,33.0,34.0
2025-01-04,2025-01-11,51,352.0,361.0,392.0,413.0,434.0,465.0,475.0
2025-01-04,2025-01-11,53,348.0,375.0,461.0,522.0,583.0,672.0,701.0
2025-01-04,2025-01-11,54,90.0,97.0,120.0,136.0,154.0,180.0,189.0
2025-01-04,2025-01-11,55,243.0,255.0,290.0,315.0,339.0,375.0,386.0
2025-01-04,2025-01-11,56,27.0,34.0,54.0,70.0,86.0,110.0,118.0
2025-01-04,2025-01-11,72,0.0,1.0,22.0,37.0,52.0,74.0,81.0
2025-01-04,2025-01-11,US,18497.0,19607.0,23364.0,26300.0,29523.0,34706.0,36538.0
2025-01-04,2025-01-18,01,51.0,110.0,295.0,425.0,554.0,742.0,803.0
2025-01-04,2025-01-18,02,13.0,14.0,20.0,25.0,31.0,41.0,45.0
2025-01-04,2025-01-18,04,698.0,847.0,1323.0,1666.0,2018.0,2536.0,2708.0
2025-01-04,2025-01-18,05,174.0,179.0,196.0,209.0,221.0,240.0,246.0
2025-01-04,2025-01-18,06,1156.0,1281.0,1680.0,1969.0,2265.0,2704.0,2850.0
2025-01-04,2025-01-18,08,192.0,210.0,277.0,333.0,397.0,507.0,547.0
2025-01-04,2025-01-18,09,22.0,32.0,91.0,169.0,290.0,578.0,709.0
2025-01-04,2025-01-18,10,21.0,24.0,34.0,43.0,53.0,71.0,78.0
2025-01-04,2025-01-18,11,11.0,13.0,19.0,24.0,28.0,35.0,37.0
2025-01-04,2025-01-18,12,865.0,933.0,1171.0,1363.0,1580.0,1938.0,2068.0
2025-01-04,2025-01-18,13,171.0,220.0,415.0,592.0,804.0,1175.0,1313.0
2025-01-04,2025-01-18,15,35.0,37.0,43.0,47.0,51.0,57.0,59.0
2025-01-04,2025-01-18,16,103.0,115.0,155.0,186.0,218.0,268.0,285.0
2025-01-04,2025-01-18,17,293.0,345.0,550.0,743.0,987.0,1446.0,1627.0
2025-01-04,2025-01-18,18,105.0,143.0,330.0,548.0,869.0,1578.0,1887.0
2025-01-04,2025-01-18,19,38.0,47.0,85.0,123.0,174.0,275.0,317.0
2025-01-04,2025-01-18,20,113.0,123.0,156.0,179.0,201.0,234.0,245.0
2025-01-04,2025-01-18,21,111.0,140.0,256.0,362.0,490.0,716.0,800.0
2025-01-04,2025-01-18,22,177.0,208.0,308.0,382.0,459.0,575.0,614.0
2025-01-04,2025-01-18,23,11.0,14.0,27.0,40.0,58.0,95.0,110.0
2025-01-04,2025-01-18,24,157.0,163.0,182.0,196.0,209.0,229.0,235.0
2025-01-04,2025-01-18,25,291.0,306.0,354.0,387.0,420.0,468.0,483.0
2025-01-04,2025-01-18,26,230.0,269.0,404.0,514.0,635.0,831.0,900.0
2025-01-04,2025-01-18,27,57.0,84.0,228.0,401.0,659.0,1225.0,1469.0
2025-01-04,2025-01-18,28,106.0,120.0,173.0,219.0,275.0,375.0,413.0
2025-01-04,2025-01-18,29,290.0,325.0,451.0,561.0,690.0,917.0,1003.0
2025-01-04,2025-01-18,30,15.0,20.0,38.0,55.0,77.0,117.0,133.0
2025-01-04,2025-01-18,31,23.0,29.0,61.0,96.0,144.0,246.0,289.0
2025-01-04,2025-01-18,32,80.0,96.0,144.0,178.0,212.0,261.0,277.0
2025-01-04,2025-01-18,33,26.0,30.0,44.0,56.0,70.0,96.0,106.0
2025-01-04,2025-01-18,34,211.0,263.0,469.0,657.0,884.0,1287.0,1438.0
2025-01-04,2025-01-18,35,116.0,123.0,146.0,163.0,181.0,209.0,219.0
2025-01-04,2025-01-18,36,679.0,764.0,1081.0,1357.0,1687.0,2270.0,2491.0
2025-01-04,2025-01-18,37,262.0,295.0,410.0,503.0,606.0,772.0,831.0
2025-01-04,2025-01-18,38,4.0,6.0,20.0,38.0,68.0,141.0,175.0
2025-01-04,2025-01-18,39,119.0,213.0,507.0,712.0,917.0,1214.0,1310.0
2025-01-04,2025-01-18,40,144.0,170.0,271.0,366.0,486.0,711.0,800.0
2025-01-04,2025-01-18,41,284.0,310.0,402.0,478.0,565.0,711.0,765.0
2025-01-04,2025-01-18,42,439.0,488.0,668.0,821.0,1001.0,1314.0,1431.0
2025-01-04,2025-01-18,44,26.0,28.0,35.0,40.0,47.0,56.0,60.0
2025-01-04,2025-01-18,45,149.0,171.0,252.0,320.0,399.0,533.0,582.0
2025-01-04,2025-01-18,46,29.0,31.0,40.0,47.0,54.0,65.0,69.0
2025-01-04,2025-01-18,47,170.0,217.0,379.0,503.0,635.0,837.0,906.0
2025-01-04,2025-01-18,48,1179.0,1270.0,1565.0,1783.0,2012.0,2360.0,2477.0
2025-01-04,2025-01-18,49,65.0,73.0,104.0,132.0,165.0,223.0,245.0
2025-01-04,2025-01-18,50,15.0,16.0,22.0,27.0,32.0,39.0,42.0
2025-01-04,2025-01-18,51,280.0,293.0,333.0,364.0,397.0,449.0,467.0
2025-01-04,2025-01-18,53,223.0,270.0,416.0,518.0,620.0,767.0,815.0
2025-01-04,2025-01-18,54,63.0,74.0,113.0,148.0,188.0,259.0,285.0
2025-01-04,2025-01-18,55,199.0,214.0,262.0,296.0,331.0,383.0,399.0
2025-01-04,2025-01-18,56,5.0,8.0,26.0,52.0,94.0,197.0,246.0
2025-01-04,2025-01-18,72,0.0,0.0,12.0,25.0,39.0,59.0,65.0
2025-01-04,2025-01-18,US,17371.0,18282.0,21329.0,23677.0,26226.0,30275.0,31692.0
2025-01-04,2025-01-25,01,19.0,78.0,264.0,394.0,525.0,713.0,774.0
2025-01-04,2025-01-25,02,22.0,23.0,25.0,27.0,29.0,31.0,32.0
2025-01-04,2025-01-25,04,707.0,809.0,1202.0,1556.0,1989.0,2774.0,3077.0
2025-01-04,2025-01-25,05,127.0,140.0,185.0,223.0,267.0,342.0,370.0
2025-01-04,2025-01-25,06,967.0,1106.0,1536.0,1835.0,2135.0,2567.0,2708.0
2025-01-04,2025-01-25,08,166.0,189.0,275.0,350.0,442.0,604.0,666.0
2025-01-04,2025-01-25,09,124.0,136.0,175.0,202.0,229.0,268.0,281.0
2025-01-04,2025-01-25,10,3.0,10.0,31.0,45.0,60.0,81.0,88.0
2025-01-04,2025-01-25,11,9.0,10.0,15.0,20.0,25.0,34.0,38.0
2025-01-04,2025-01-25,12,853.0,929.0,1194.0,1407.0,1646.0,2040.0,2181.0
2025-01-04,2025-01-25,13,178.0,217.0,379.0,541.0,754.0,1171.0,1341.0
2025-01-04,2025-01-25,15,31.0,33.0,39.0,43.0,47.0,54.0,56.0
2025-01-04,2025-01-25,16,53.0,74.0,138.0,183.0,228.0,293.0,314.0
2025-01-04,2025-01-25,17,351.0,392.0,544.0,674.0,829.0,1100.0,1201.0
2025-01-04,2025-01-25,18,122.0,164.0,349.0,539.0,787.0,1266.0,1456.0
2025-01-04,2025-01-25,19,36.0,47.0,92.0,141.0,209.0,348.0,406.0
2025-01-04,2025-01-25,20,121.0,128.0,150.0,166.0,182.0,205.0,213.0
2025-01-04,2025-01-25,21,107.0,139.0,272.0,397.0,552.0,830.0,935.0
2025-01-04,2025-01-25,22,133.0,167.0,273.0,347.0,421.0,528.0,563.0
2025-01-04,2025-01-25,23,17.0,22.0,41.0,60.0,87.0,140.0,162.0
2025-01-04,2025-01-25,24,168.0,170.0,178.0,184.0,190.0,199.0,202.0
2025-01-04,2025-01-25,25,161.0,186.0,280.0,366.0,471.0,664.0,738.0
2025-01-04,2025-01-25,26,144.0,188.0,392.0,618.0,938.0,1616.0,1905.0
2025-01-04,2025-01-25,27,51.0,76.0,215.0,398.0,687.0,1373.0,1687.0
2025-01-04,2025-01-25,28,74.0,88.0,139.0,184.0,236.0,326.0,360.0
2025-01-04,2025-01-25,29,304.0,336.0,434.0,502.0,571.0,669.0,701.0
2025-01-04,2025-01-25,30,9.0,12.0,30.0,50.0,79.0,142.0,168.0
2025-01-04,2025-01-25,31,8.0,21.0,63.0,92.0,121.0,163.0,177.0
2025-01-04,2025-01-25,32,87.0,93.0,116.0,135.0,156.0,190.0,203.0
2025-01-04,2025-01-25,33,24.0,28.0,44.0,59.0,77.0,110.0,123.0
2025-01-04,2025-01-25,34,176.0,237.0,438.0,587.0,741.0,971.0,1048.0
2025-01-04,2025-01-25,35,156.0,157.0,162.0,165.0,168.0,172.0,174.0
2025-01-04,2025-01-25,36,567.0,647.0,951.0,1223.0,1553.0,2150.0,2379.0
2025-01-04,2025-01-25,37,184.0,217.0,326.0,406.0,488.0,612.0,653.0
2025-01-04,2025-01-25,38,2.0,4.0,16.0,35.0,68.0,153.0,194.0
2025-01-04,2025-01-25,39,201.0,254.0,494.0,747.0,1095.0,1810.0,2109.0
2025-01-04,2025-01-25,40,162.0,190.0,301.0,404.0,534.0,777.0,872.0
2025-01-04,2025-01-25,41,190.0,216.0,296.0,352.0,409.0,490.0,516.0
2025-01-04,2025-01-25,42,369.0,454.0,718.0,902.0,1086.0,1352.0,1438.0
2025-01-04,2025-01-25,44,34.0,35.0,38.0,40.0,43.0,46.0,47.0
2025-01-04,2025-01-25,45,116.0,138.0,221.0,295.0,385.0,545.0,606.0
2025-01-04,2025-01-25,46,20.0,23.0,34.0,44.0,57.0,80.0,89.0
2025-01-04,2025-01-25,47,150.0,184.0,330.0,477.0,672.0,1061.0,1219.0
2025-01-04,2025-01-25,48,1052.0,1167.0,1542.0,1820.0,2111.0,2553.0,2702.0
2025-01-04,2025-01-25,49,58.0,68.0,104.0,137.0,179.0,255.0,285.0
2025-01-04,2025-01-25,50,19.0,21.0,25.0,28.0,32.0,36.0,38.0
2025-01-04,2025-01-25,51,277.0,286.0,312.0,331.0,350.0,377.0,385.0
2025-01-04,2025-01-25,53,262.0,297.0,406.0,482.0,557.0,667.0,702.0
2025-01-04,2025-01-25,54,63.0,75.0,116.0,149.0,185.0,244.0,264.0
2025-01-04,2025-01-25,55,196.0,208.0,248.0,280.0,314.0,369.0,389.0
2025-01-04,2025-01-25,56,4.0,7.0,27.0,57.0,106.0,233.0,293.0
2025-01-04,2025-01-25,72,6.0,8.0,16.0,25.0,36.0,59.0,69.0
2025-01-04,2025-01-25,US,14690.0,16104.0,20561.0,23741.0,26982.0,31739.0,33306.0
2025-01-11,2025-01-11,01,310.0,335.0,419.0,486.0,560.0,680.0,722.0
2025-01-11,2025-01-11,02,29.0,32.0,41.0,48.0,56.0,69.0,73.0
2025-01-11,2025-01-11,04,957.0,1158.0,1889.0,2499.0,3192.0,4331.0,4737.0
2025-01-11,2025-01-11,05,167.0,172.0,188.0,199.0,211.0,227.0,232.0
2025-01-11,2025-01-11,06,2017.0,2112.0,2427.0,2668.0,2927.0,3335.0,3477.0
2025-01-11,2025-01-11,08,287.0,317.0,424.0,513.0,618.0,798.0,864.0
2025-01-11,2025-01-11,09,107.0,127.0,208.0,285.0,383.0,571.0,645.0
2025-01-11,2025-01-11,10,57.0,65.0,94.0,120.0,151.0,206.0,227.0
2025-01-11,2025-01-11,11,52.0,54.0,61.0,65.0,70.0,76.0,78.0
2025-01-11,2025-01-11,12,1373.0,1444.0,1679.0,1859.0,2055.0,2364.0,2472.0
2025-01-11,2025-01-11,13,561.0,609.0,777.0,915.0,1072.0,1333.0,1429.0
2025-01-11,2025-01-11,15,46.0,48.0,55.0,60.0,65.0,72.0,74.0
2025-01-11,2025-01-11,16,108.0,119.0,156.0,184.0,213.0,258.0,273.0
2025-01-11,2025-01-11,17,984.0,1024.0,1153.0,1248.0,1346.0,1493.0,1543.0
2025-01-11,2025-01-11,18,363.0,409.0,572.0,707.0,861.0,1120.0,1213.0
2025-01-11,2025-01-11,19,98.0,108.0,147.0,179.0,217.0,282.0,306.0
2025-01-11,2025-01-11,20,205.0,217.0,255.0,284.0,314.0,360.0,376.0
2025-01-11,2025-01-11,21,304.0,335.0,442.0,527.0,620.0,768.0,820.0
2025-01-11,2025-01-11,22,311.0,334.0,405.0,456.0,508.0,584.0,609.0
2025-01-11,2025-01-11,23,37.0,43.0,71.0,97.0,131.0,194.0,219.0
2025-01-11,2025-01-11,24,259.0,267.0,293.0,312.0,331.0,360.0,370.0
2025-01-11,2025-01-11,25,349.0,377.0,475.0,554.0,643.0,791.0,844.0
2025-01-11,2025-01-11,26,343.0,378.0,502.0,602.0,715.0,901.0,967.0
2025-01-11,2025-01-11,27,523.0,591.0,840.0,1052.0,1302.0,1733.0,1893.0
2025-01-11,2025-01-11,28,115.0,131.0,189.0,241.0,303.0,414.0,457.0
2025-01-11,2025-01-11,29,402.0,441.0,579.0,692.0,820.0,1033.0,1110.0
2025-01-11,2025-01-11,30,49.0,52.0,63.0,71.0,78.0,90.0,93.0
2025-01-11,2025-01-11,31,72.0,82.0,121.0,156.0,198.0,274.0,304.0
2025-01-11,2025-01-11,32,229.0,241.0,283.0,315.0,350.0,406.0,425.0
2025-01-11,2025-01-11,33,202.0,216.0,263.0,300.0,341.0,408.0,432.0
2025-01-11,2025-01-11,34,862.0,902.0,1029.0,1123.0,1220.0,1367.0,1417.0
2025-01-11,2025-01-11,35,206.0,216.0,249.0,272.0,295.0,330.0,341.0
2025-01-11,2025-01-11,36,1494.0,1571.0,1826.0,2022.0,2234.0,2570.0,2688.0
2025-01-11,2025-01-11,37,415.0,449.0,571.0,670.0,783.0,971.0,1039.0
2025-01-11,2025-01-11,38,23.0,27.0,41.0,53.0,68.0,93.0,102.0
2025-01-11,2025-01-11,39,403.0,516.0,862.0,1104.0,1346.0,1695.0,1809.0
2025-01-11,2025-01-11,40,196.0,226.0,342.0,448.0,579.0,818.0,911.0
2025-01-11,2025-01-11,41,389.0,409.0,477.0,528.0,583.0,670.0,700.0
2025-01-11,2025-01-11,42,655.0,736.0,1037.0,1299.0,1611.0,2162.0,2371.0
2025-01-11,2025-01-11,44,38.0,42.0,57.0,70.0,84.0,108.0,117.0
2025-01-11,2025-01-11,45,322.0,340.0,401.0,447.0,497.0,575.0,601.0
2025-01-11,2025-01-11,46,6.0,7.0,14.0,20.0,29.0,45.0,52.0
2025-01-11,2025-01-11,47,551.0,589.0,714.0,807.0,906.0,1055.0,1106.0
2025-01-11,2025-01-11,48,1501.0,1589.0,1884.0,2113.0,2365.0,2768.0,2910.0
2025-01-11,2025-01-11,49,221.0,237.0,289.0,328.0,369.0,432.0,453.0
2025-01-11,2025-01-11,50,23.0,25.0,30.0,34.0,38.0,44.0,46.0
2025-01-11,2025-01-11,51,405.0,419.0,466.0,501.0,538.0,594.0,614.0
2025-01-11,2025-01-11,53,318.0,341.0,422.0,484.0,553.0,663.0,702.0
2025-01-11,2025-01-11,54,101.0,111.0,146.0,173.0,203.0,251.0,267.0
2025-01-11,2025-01-11,55,203.0,226.0,310.0,382.0,466.0,613.0,669.0
2025-01-11,2025-01-11,56,23.0,31.0,64.0,94.0,130.0,193.0,216.0
2025-01-11,2025-01-11,72,261.0,272.0,305.0,329.0,353.0,390.0,402.0
2025-01-11,2025-01-11,US,20885.0,22301.0,27152.0,30994.0,35260.0,42208.0,44686.0
2025-01-11,2025-01-18,01,124.0,162.0,296.0,402.0,518.0,701.0,764.0
2025-01-11,2025-01-18,02,31.0,34.0,40.0,45.0,50.0,57.0,59.0
2025-01-11,2025-01-18,04,1000.0,1130.0,1615.0,2041.0,2552.0,3463.0,3808.0
2025-01-11,2025-01-18,05,190.0,195.0,211.0,222.0,233.0,248.0,254.0
2025-01-11,2025-01-18,06,1384.0,1472.0,1772.0,2008.0,2267.0,2687.0,2836.0
2025-01-11,2025-01-18,08,255.0,274.0,339.0,392.0,450.0,547.0,582.0
2025-01-11,2025-01-18,09,94.0,113.0,191.0,266.0,364.0,552.0,628.0
2025-01-11,2025-01-18,10,35.0,41.0,63.0,84.0,109.0,155.0,173.0
2025-01-11,2025-01-18,11,36.0,38.0,47.0,52.0,58.0,67.0,70.0
2025-01-11,2025-01-18,12,989.0,1059.0,1300.0,1491.0,1704.0,2053.0,2178.0
2025-01-11,2025-01-18,13,448.0,506.0,696.0,838.0,989.0,1217.0,1295.0
2025-01-11,2025-01-18,15,45.0,47.0,54.0,60.0,65.0,72.0,75.0
2025-01-11,2025-01-18,16,59.0,68.0,99.0,124.0,152.0,199.0,215.0
2025-01-11,2025-01-18,17,520.0,575.0,758.0,895.0,1040.0,1261.0,1336.0
2025-01-11,2025-01-18,18,196.0,243.0,427.0,588.0,780.0,1108.0,1229.0
2025-01-11,2025-01-18,19,84.0,93.0,128.0,156.0,189.0,242.0,262.0
2025-01-11,2025-01-18,20,152.0,165.0,208.0,242.0,278.0,336.0,356.0
2025-01-11,2025-01-18,21,118.0,150.0,283.0,412.0,576.0,885.0,1005.0
2025-01-11,2025-01-18,22,229.0,245.0,300.0,343.0,391.0,470.0,497.0
2025-01-11,2025-01-18,23,48.0,54.0,81.0,104.0,133.0,185.0,205.0
2025-01-11,2025-01-18,24,232.0,238.0,257.0,269.0,282.0,301.0,307.0
2025-01-11,2025-01-18,25,357.0,383.0,468.0,533.0,602.0,708.0,745.0
2025-01-11,2025-01-18,26,281.0,314.0,419.0,493.0,568.0,677.0,713.0
2025-01-11,2025-01-18,27,267.0,328.0,588.0,850.0,1199.0,1893.0,2176.0
2025-01-11,2025-01-18,28,122.0,136.0,189.0,235.0,289.0,384.0,420.0
2025-01-11,2025-01-18,29,204.0,245.0,414.0,578.0,790.0,1199.0,1363.0
2025-01-11,2025-01-18,30,15.0,20.0,42.0,66.0,99.0,169.0,199.0
2025-01-11,2025-01-18,31,41.0,50.0,88.0,126.0,176.0,274.0,314.0
2025-01-11,2025-01-18,32,149.0,162.0,210.0,249.0,294.0,369.0,397.0
2025-01-11,2025-01-18,33,156.0,164.0,192.0,213.0,237.0,273.0,286.0
2025-01-11,2025-01-18,34,596.0,648.0,814.0,937.0,1065.0,1258.0,1323.0
2025-01-11,2025-01-18,35,219.0,225.0,241.0,253.0,265.0,282.0,288.0
2025-01-11,2025-01-18,36,1006.0,1105.0,1460.0,1756.0,2098.0,2682.0,2897.0
2025-01-11,2025-01-18,37,303.0,339.0,475.0,592.0,731.0,976.0,1068.0
2025-01-11,2025-01-18,38,31.0,35.0,48.0,57.0,67.0,81.0,85.0
2025-01-11,2025-01-18,39,229.0,339.0,680.0,918.0,1156.0,1500.0,1612.0
2025-01-11,2025-01-18,40,252.0,276.0,361.0,432.0,513.0,651.0,701.0
2025-01-11,2025-01-18,41,327.0,350.0,428.0,489.0,554.0,658.0,694.0
2025-01-11,2025-01-18,42,508.0,576.0,830.0,1054.0,1325.0,1808.0,1992.0
2025-01-11,2025-01-18,44,49.0,51.0,56.0,60.0,64.0,70.0,71.0
2025-01-11,2025-01-18,45,225.0,248.0,329.0,392.0,461.0,571.0,609.0
2025-01-11,2025-01-18,46,30.0,32.0,36.0,39.0,42.0,47.0,48.0
2025-01-11,2025-01-18,47,285.0,327.0,459.0,553.0,649.0,790.0,837.0
2025-01-11,2025-01-18,48,1251.0,1349.0,1657.0,1878.0,2103.0,2435.0,2544.0
2025-01-11,2025-01-18,49,143.0,158.0,213.0,257.0,307.0,390.0,420.0
2025-01-11,2025-01-18,50,28.0,29.0,34.0,37.0,40.0,45.0,46.0
2025-01-11,2025-01-18,51,355.0,365.0,395.0,416.0,438.0,469.0,479.0
2025-01-11,2025-01-18,53,292.0,319.0,404.0,464.0,524.0,613.0,641.0
2025-01-11,2025-01-18,54,114.0,121.0,146.0,163.0,182.0,210.0,219.0
2025-01-11,2025-01-18,55,300.0,311.0,347.0,371.0,396.0,431.0,443.0
2025-01-11,2025-01-18,56,30.0,36.0,57.0,73.0,89.0,113.0,121.0
2025-01-11,2025-01-18,72,204.0,212.0,234.0,249.0,264.0,286.0,294.0
2025-01-11,2025-01-18,US,18924.0,20055.0,23879.0,26866.0,30144.0,35413.0,37274.0
2025-01-11,2025-01-25,01,0.0,56.0,240.0,369.0,499.0,686.0,747.0
2025-01-11,2025-01-25,02,24.0,27.0,36.0,44.0,53.0,68.0,74.0
2025-01-11,2025-01-25,04,832.0,983.0,1466.0,1813.0,2168.0,2691.0,2863.0
2025-01-11,2025-01-25,05,211.0,217.0,236.0,249.0,263.0,283.0,290.0
2025-01-11,2025-01-25,06,892.0,1011.0,1396.0,1675.0,1963.0,2392.0,2534.0
2025-01-11,2025-01-25,08,213.0,234.0,306.0,367.0,436.0,554.0,597.0
2025-01-11,2025-01-25,09,32.0,47.0,124.0,220.0,369.0,713.0,868.0
2025-01-11,2025-01-25,10,50.0,55.0,73.0,89.0,107.0,139.0,150.0
2025-01-11,2025-01-25,11,29.0,31.0,38.0,42.0,47.0,54.0,56.0
2025-01-11,2025-01-25,12,909.0,980.0,1227.0,1426.0,1651.0,2022.0,2156.0
2025-01-11,2025-01-25,13,229.0,286.0,507.0,703.0,935.0,1336.0,1483.0
2025-01-11,2025-01-25,15,34.0,36.0,42.0,46.0,50.0,56.0,58.0
2025-01-11,2025-01-25,16,45.0,54.0,85.0,110.0,137.0,180.0,195.0
2025-01-11,2025-01-25,17,337.0,395.0,623.0,836.0,1103.0,1603.0,1799.0
2025-01-11,2025-01-25,18,115.0,155.0,354.0,584.0,921.0,1660.0,1983.0
2025-01-11,2025-01-25,19,40.0,49.0,89.0,129.0,181.0,286.0,329.0
2025-01-11,2025-01-25,20,142.0,152.0,185.0,208.0,230.0,263.0,274.0
2025-01-11,2025-01-25,21,125.0,157.0,280.0,391.0,525.0,759.0,846.0
2025-01-11,2025-01-25,22,106.0,134.0,226.0,296.0,370.0,481.0,518.0
2025-01-11,2025-01-25,23,23.0,28.0,50.0,72.0,100.0,155.0,177.0
2025-01-11,2025-01-25,24,223.0,230.0,249.0,263.0,277.0,297.0,304.0
2025-01-11,2025-01-25,25,373.0,389.0,437.0,470.0,503.0,551.0,566.0
2025-01-11,2025-01-25,26,293.0,335.0,484.0,603.0,733.0,941.0,1014.0
2025-01-11,2025-01-25,27,174.0,233.0,513.0,819.0,1244.0,2122.0,2488.0
2025-01-11,2025-01-25,28,101.0,115.0,166.0,211.0,265.0,362.0,399.0
2025-01-11,2025-01-25,29,275.0,308.0,429.0,534.0,659.0,878.0,961.0
2025-01-11,2025-01-25,30,14.0,18.0,36.0,52.0,73.0,112.0,127.0
2025-01-11,2025-01-25,31,31.0,40.0,80.0,122.0,180.0,300.0,350.0
2025-01-11,2025-01-25,32,108.0,124.0,172.0,206.0,240.0,289.0,305.0
2025-01-11,2025-01-25,33,109.0,120.0,159.0,191.0,229.0,294.0,317.0
2025-01-11,2025-01-25,34,323.0,390.0,645.0,871.0,1138.0,1603.0,1775.0
2025-01-11,2025-01-25,35,124.0,131.0,155.0,173.0,191.0,220.0,230.0
2025-01-11,2025-01-25,36,798.0,895.0,1252.0,1562.0,1930.0,2578.0,2822.0
2025-01-11,2025-01-25,37,270.0,304.0,421.0,514.0,618.0,787.0,846.0
2025-01-11,2025-01-25,38,6.0,9.0,27.0,50.0,87.0,174.0,213.0
2025-01-11,2025-01-25,39,411.0,506.0,801.0,1007.0,1213.0,1511.0,1607.0
2025-01-11,2025-01-25,40,177.0,207.0,325.0,434.0,571.0,826.0,927.0
2025-01-11,2025-01-25,41,230.0,252.0,330.0,396.0,471.0,598.0,645.0
2025-01-11,2025-01-25,42,605.0,669.0,898.0,1091.0,1316.0,1703.0,1847.0
2025-01-11,2025-01-25,44,39.0,42.0,51.0,58.0,66.0,78.0,83.0
2025-01-11,2025-01-25,45,174.0,198.0,287.0,361.0,446.0,589.0,641.0
2025-01-11,2025-01-25,46,21.0,23.0,30.0,36.0,42.0,52.0,56.0
2025-01-11,2025-01-25,47,208.0,257.0,424.0,551.0,686.0,893.0,962.0
2025-01-11,2025-01-25,48,1190.0,1281.0,1577.0,1797.0,2026.0,2374.0,2492.0
2025-01-11,2025-01-25,49,108.0,120.0,166.0,205.0,251.0,331.0,361.0
2025-01-11,2025-01-25,50,21.0,23.0,30.0,35.0,41.0,49.0,52.0
2025-01-11,2025-01-25,51,295.0,308.0,351.0,383.0,417.0,471.0,490.0
2025-01-11,2025-01-25,53,103.0,150.0,295.0,397.0,498.0,645.0,693.0
2025-01-11,2025-01-25,54,73.0,84.0,127.0,164.0,207.0,282.0,310.0
2025-01-11,2025-01-25,55,263.0,278.0,328.0,364.0,400.0,452.0,470.0
2025-01-11,2025-01-25,56,7.0,11.0,35.0,66.0,117.0,238.0,294.0
2025-01-11,2025-01-25,72,227.0,233.0,253.0,267.0,281.0,301.0,308.0
2025-01-11,2025-01-25,US,20257.0,21286.0,24721.0,27360.0,30219.0,34746.0,36328.0
2025-01-11,2025-02-01,01,0.0,40.0,225.0,355.0,485.0,674.0,735.0
2025-01-11,2025-02-01,02,33.0,34.0,36.0,38.0,40.0,42.0,43.0
2025-01-11,2025-02-01,04,825.0,941.0,1383.0,1777.0,2257.0,3123.0,3455.0
2025-01-11,2025-02-01,05,133.0,147.0,194.0,233.0,278.0,356.0,384.0
2025-01-11,2025-02-01,06,689.0,827.0,1256.0,1555.0,1854.0,2286.0,2426.0
2025-01-11,2025-02-01,08,167.0,190.0,276.0,352.0,443.0,607.0,668.0
2025-01-11,2025-02-01,09,141.0,154.0,192.0,220.0,247.0,286.0,298.0
2025-01-11,2025-02-01,10,44.0,51.0,72.0,87.0,101.0,122.0,129.0
2025-01-11,2025-02-01,11,21.0,23.0,32.0,39.0,48.0,63.0,69.0
2025-01-11,2025-02-01,12,927.0,1007.0,1287.0,1511.0,1763.0,2176.0,2324.0
2025-01-11,2025-02-01,13,227.0,274.0,468.0,658.0,905.0,1385.0,1579.0
2025-01-11,2025-02-01,15,33.0,35.0,41.0,45.0,49.0,55.0,57.0
2025-01-11,2025-02-01,16,0.0,0.0,64.0,108.0,153.0,218.0,239.0
2025-01-11,2025-02-01,17,417.0,465.0,637.0,785.0,959.0,1262.0,1376.0
2025-01-11,2025-02-01,18,143.0,189.0,391.0,594.0,858.0,1364.0,1563.0
2025-01-11,2025-02-01,19,36.0,46.0,91.0,139.0,205.0,343.0,401.0
2025-01-11,2025-02-01,20,159.0,166.0,189.0,205.0,221.0,244.0,252.0
2025-01-11,2025-02-01,21,91.0,121.0,244.0,362.0,509.0,775.0,876.0
2025-01-11,2025-02-01,22,77.0,111.0,217.0,291.0,365.0,472.0,506.0
2025-01-11,2025-02-01,23,19.0,24.0,44.0,65.0,92.0,148.0,171.0
2025-01-11,2025-02-01,24,213.0,216.0,226.0,232.0,239.0,250.0,253.0
2025-01-11,2025-02-01,25,207.0,236.0,350.0,451.0,575.0,799.0,886.0
2025-01-11,2025-02-01,26,135.0,176.0,372.0,589.0,896.0,1552.0,1832.0
2025-01-11,2025-02-01,27,153.0,210.0,498.0,841.0,1349.0,2484.0,2983.0
2025-01-11,2025-02-01,28,69.0,82.0,132.0,175.0,226.0,313.0,346.0
2025-01-11,2025-02-01,29,294.0,326.0,424.0,492.0,561.0,659.0,691.0
2025-01-11,2025-02-01,30,7.0,10.0,26.0,45.0,71.0,129.0,154.0
2025-01-11,2025-02-01,31,19.0,32.0,74.0,103.0,132.0,174.0,188.0
2025-01-11,2025-02-01,32,112.0,120.0,148.0,170.0,196.0,237.0,251.0
2025-01-11,2025-02-01,33,93.0,105.0,147.0,183.0,227.0,303.0,332.0
2025-01-11,2025-02-01,34,365.0,432.0,647.0,803.0,964.0,1202.0,1280.0
2025-01-11,2025-02-01,35,174.0,175.0,180.0,183.0,186.0,191.0,192.0
2025-01-11,2025-02-01,36,699.0,794.0,1150.0,1465.0,1845.0,2527.0,2787.0
2025-01-11,2025-02-01,37,248.0,283.0,396.0,478.0,563.0,690.0,732.0
2025-01-11,2025-02-01,38,4.0,6.0,23.0,48.0,89.0,193.0,243.0
2025-01-11,2025-02-01,39,237.0,298.0,568.0,850.0,1233.0,2016.0,2342.0
2025-01-11,2025-02-01,40,171.0,200.0,314.0,421.0,555.0,805.0,904.0
2025-01-11,2025-02-01,41,89.0,115.0,196.0,252.0,308.0,388.0,415.0
2025-01-11,2025-02-01,42,475.0,560.0,824.0,1009.0,1193.0,1459.0,1545.0
2025-01-11,2025-02-01,44,41.0,42.0,45.0,47.0,50.0,53.0,54.0
2025-01-11,2025-02-01,45,141.0,165.0,258.0,341.0,439.0,614.0,679.0
2025-01-11,2025-02-01,46,12.0,14.0,22.0,30.0,39.0,57.0,64.0
2025-01-11,2025-02-01,47,165.0,202.0,359.0,516.0,724.0,1135.0,1302.0
2025-01-11,2025-02-01,48,1056.0,1171.0,1546.0,1824.0,2116.0,2558.0,2707.0
2025-01-11,2025-02-01,49,93.0,106.0,157.0,203.0,259.0,361.0,400.0
2025-01-11,2025-02-01,50,20.0,21.0,26.0,29.0,33.0,37.0,39.0
2025-01-11,2025-02-01,51,305.0,314.0,341.0,359.0,378.0,405.0,414.0
2025-01-11,2025-02-01,53,149.0,184.0,293.0,368.0,444.0,553.0,589.0
2025-01-11,2025-02-01,54,70.0,83.0,125.0,159.0,196.0,256.0,277.0
2025-01-11,2025-02-01,55,228.0,241.0,286.0,321.0,359.0,421.0,442.0
2025-01-11,2025-02-01,56,6.0,10.0,34.0,68.0,126.0,269.0,336.0
2025-01-11,2025-02-01,72,137.0,155.0,224.0,285.0,359.0,491.0,541.0
2025-01-11,2025-02-01,US,14699.0,16113.0,20570.0,23751.0,26992.0,31749.0,33316.0
